text_id	word_id	word	internal_layer_surprisal_layer_1	internal_layer_surprisal_layer_2	internal_layer_surprisal_layer_3	internal_layer_surprisal_layer_4	internal_layer_surprisal_layer_5	internal_layer_surprisal_layer_6	internal_layer_surprisal_layer_7	internal_layer_surprisal_layer_8	internal_layer_surprisal_layer_9	internal_layer_surprisal_layer_10	internal_layer_surprisal_layer_11	internal_layer_surprisal_layer_12
0	0	If	5.240458693355322	6.425721331383102	7.024948689620942	7.048464919382241	7.064368817518698	7.076217237648962	7.086882775940467	7.091888256982202	7.100131430546753	7.111871481045455	7.126878803355794	5.351401794236153
0	1	you	0.7847501672804356	1.625040368293412	2.3164300569333136	2.7178065656335093	2.6051809028431308	2.2802698474624776	2.0462118044379167	2.649918838724261	2.4824169479543343	1.217920665292695	1.0577971621023607	0.9112188336439431
0	2	were	8.803751312196255	8.200307473540306	7.460144458338618	6.597358413040638	5.5169887393713	6.603861503303051	6.838745646178722	5.821896532550454	5.182498576119542	4.9711446850560606	3.585837022284977	3.4019871038617566
0	3	to	7.014179486781359	8.833711082232185	9.693394434987567	10.010565396398306	10.605676107108593	10.315451733767986	10.260755026713014	10.392394415684976	11.001192095041915	6.963489106892666	2.929797098309791	1.4513227280694991
0	4	journey	14.605835597962141	16.057708015548997	17.594095636741258	16.686756666749716	14.83906265348196	11.463980749249458	12.437608009204268	13.662165636545978	13.796216136492149	14.110585680893564	12.385327952411899	10.143291510292329
0	5	to	5.843387165106833	4.335422237403691	3.0673272707499564	4.3065041655208915	4.187592679867521	3.912544286577031	4.346711695659906	3.508025798248127	3.3548748099710792	3.9836740009923233	2.815303839102853	1.4749958263710141
0	6	the	3.4135501121054403	4.69336976010527	3.8979941514298844	2.69604816541505	1.2517191225842907	1.0047397849230038	1.1007609149746713	1.068608585781476	1.273088604601071	2.282290277089487	1.542304056813009	1.8509270813083276
0	7	North	11.368091191456188	12.594835009498638	12.668457149902679	11.753880887781634	12.530464470321931	11.10152143234518	9.545448540586221	7.467045747405791	6.644826571300655	5.921275696422526	5.29166956798872	4.591331176110543
0	8	of	9.345469905529171	9.941432386403903	9.53593503421871	9.122323893767316	7.142504457384348	6.4406517466995865	8.90513031554292	10.726294797306764	11.459783036302724	11.036103644449213	7.298860818016692	4.823643240088131
0	9	England,	16.744254583027214	15.221041328972206	12.866379105311353	7.939693034102675	7.335323296370916	4.149710077675991	3.388162451708922	2.710666244456661	1.8979518067380923	1.4593743771865775	2.4014743610605365	3.180826113501098
1	0	A	6.267803519964218	5.647276937961578	6.4069594740867615	6.789050579071045	6.491382598876953	6.382206916809082	5.916104882955551	6.0798370242118835	6.119059503078461	5.923447519540787	5.709688067436218	4.007292665541172
1	1	clear	7.0830744742415845	7.263667890103534	7.459901230409741	8.98125699069351	8.710063457489014	9.30052525550127	9.209847543388605	9.720640417188406	9.45611483976245	9.757084566168487	8.870596390217543	8.238006114959717
1	2	and	13.94632092723623	15.014410800067708	12.78079773299396	11.435122565366328	10.19331082701683	8.490625998005271	7.85216428199783	7.890044955769554	7.966176141449978	6.307768118602326	3.3848781828783103	2.7642203876457643
1	3	joyous	23.693758189678192	21.776037022471428	21.05856481194496	16.564976826310158	15.095504492521286	16.455479415133595	15.940251482184976	17.723602179205045	21.04122243781967	18.53043439695648	14.945257593957649	11.340537192794727
1	4	day	12.524559378623962	16.1778621673584	18.32692050933838	17.81533646583557	13.83205246925354	14.144165515899658	15.427878588438034	15.85371253080666	13.555865779519081	9.631085666886065	4.887893472623546	3.8812447083182633
1	5	it	6.66870579123497	7.680382788181305	8.699017643928528	7.5413137674331665	8.283775344491005	9.181741259992123	9.299869537353516	9.988238126039505	10.406461449339986	10.943370327353477	9.98402410862036	7.743336103856564
1	6	was	2.2280465960502625	1.6735778637230396	1.6260941475629807	1.9166858196258545	2.6922740787267685	2.789095662534237	2.1983447019010782	1.5463626831769943	1.6328144706785679	1.35533307492733	0.5993651438038796	1.2283386662602425
1	7	and	11.59299710020423	14.31285603903234	14.73056648299098	14.60478237643838	14.112190261716023	15.718242245384317	15.626189425995108	15.640457575558685	15.045674944445636	10.755744964986661	9.472495920548681	5.312800178304315
1	8	out	13.541691605001688	16.236946364864707	17.05960962548852	19.285422887653112	19.147984727984294	21.727808592251677	21.76440601568902	17.524624446989037	18.023943751901243	17.956752656788012	13.67155992280459	8.821273690089583
1	9	on	4.758188361302018	4.642439033836126	5.452081713825464	4.553975349292159	4.783535357564688	5.7264399449341	7.542817776906304	9.867396677844226	9.583231031894684	7.150358228012919	7.068296451237984	4.466464485041797
2	0	It	6.864962190389633	7.962790250778198	8.528677940368652	9.700969696044922	8.911712527275085	8.617160081863403	8.81178879737854	7.653351306915283	7.228264689445496	7.026446461677551	7.352197110652924	5.196582704782486
2	1	was	3.543836485594511	2.9431903921067715	2.6863178554922342	3.186802421696484	3.2488687983714044	2.5757901470642537	1.8673765834100777	1.344944959091663	1.587151112202264	1.6554365199554013	1.4404573114588857	1.6339895012788475
2	2	cold	12.151089744642377	14.118299558293074	13.98819069378078	12.411154239438474	12.622850857209414	12.193584520602599	11.138859295970178	11.967775563192845	11.989558503330045	10.37120391013741	9.23140116315335	8.22132993908599
2	3	and	12.89661897905171	12.95441047521308	10.431037036702037	10.303769195452332	8.29427891317755	7.706417920533568	8.55269297092309	6.539531186375825	7.161940944846833	3.8665202707057915	1.4732928425073766	1.2737372806295753
2	4	nearly	8.870581019669771	9.21062296256423	10.083763201255351	9.803505878895521	8.758200853131711	8.39819924114272	10.161464220764174	11.306387552052911	12.199492275717262	14.736007869243053	11.464399218566527	7.475865037646145
2	5	dark	8.355511005967855	10.017687987536192	9.841567134018987	9.867896130308509	9.356775919906795	7.088246840052307	3.6135533953784034	1.9724960241874214	5.03410331904638	7.692305853590369	6.427365280680533	2.9108552928082645
2	6	on	17.273009326308966	14.147492405027151	12.552327439188957	10.904987633228302	8.578770505264401	6.848430695012212	6.8460110779851675	5.086640317924321	4.712084558559582	5.2098752355541365	4.2374083037357195	3.264626987220254
2	7	the	1.0030814742203802	1.6065847331192344	1.6574341212653962	1.085482060922459	0.7873057257384133	2.699885902956339	4.155229413922825	4.368362645620891	2.4783624291917477	6.2502266166461595	2.372693656864726	1.0150330262258649
2	8	last	4.770417040679604	4.868675747362431	4.6602998210037185	4.056461638219389	3.6038153174831606	4.254038393473593	4.602760136095185	7.852942228322263	10.220832228657429	10.256672799580429	8.048245370387917	5.766305786150042
2	9	evening	6.013277906924486	7.61836314649554	8.175642537215026	8.376565010825288	9.773715730427284	10.719882085913241	8.506440237155857	7.516191907219763	6.159591600298853	5.6463904194533825	5.29923789575605	4.386261037085205
3	0	Once	9.45416721701622	9.38018798828125	9.186634503304958	9.181163281202316	9.144932109862566	9.14220429211855	9.149024656042457	9.127388732274994	9.12556594673515	9.134593904018459	9.147424201481044	7.576251978054643
3	1	upon	5.322290484793484	4.143318886402994	2.8632322491612285	2.892808329081163	3.3852214254438877	3.2598465904593468	2.934790337458253	2.1156261896248907	2.509328192252724	4.081704918789853	2.8747833115776302	2.338688469870249
3	2	a	3.647601048462093	4.897295228089206	8.671807417063974	6.349663371773204	4.698368571815081	4.5099456628086045	6.400685831912597	8.26789254940013	8.753466420954737	1.5132265644792255	0.002862066370653338	0.0017138956900453195
3	3	time	8.17940679192543	9.060709803015925	9.113683019648306	9.169209936313564	8.251383945229463	8.101413739728741	8.933631926766793	3.647904761015525	0.6430044472194822	2.5972140146182596	2.891542825376746	1.1919670203787973
3	4	the	5.143799857818522	7.433319740230218	9.730480870552128	8.102379986201413	5.180957906588446	4.006653419986833	4.517513433500426	7.750614705029875	8.19327649771003	6.889228765605367	3.5400560501147993	2.188926949049346
3	5	birds	16.486965207732283	18.77749728388153	18.545893231086666	16.545278406585567	15.450966156378854	15.009577803954016	13.164915075496538	12.697104921098799	12.081851658236701	10.82179156994971	9.158467703207862	8.524206479196437
3	6	took	13.374308064579964	12.06155751645565	9.980448931455612	8.780286338180304	8.49796450510621	7.473398983478546	8.031590950675309	8.367391728330404	7.992776577928453	7.847900286329605	7.38357914146286	5.819436152698472
3	7	it	4.346792951226234	5.025047019124031	5.574226289987564	5.475573752075434	5.596856947988272	6.097883403301239	7.160329627804458	7.1151943686418235	10.836457128069014	12.251682132236965	9.9952287171011	5.217629243386909
3	8	into	12.531878985464573	12.037817254662514	9.449449055828154	7.6974481754004955	5.28645726852119	4.779881917871535	3.254650437273085	5.0234961258247495	7.038038021841203	10.070411890996184	6.190451223301352	5.335244762856746
3	9	their	5.593419069038646	5.090572998418793	4.860117799602449	3.392555374653284	3.3115250188859022	3.1865672832355756	2.4511555200442743	3.643175675533719	3.791580610952252	5.489405810814901	0.00898168246204989	0.058927660837071016
4	0	At	7.722398906946182	7.4162750616669655	7.678443744778633	7.8056358098983765	8.27585369348526	8.729269981384277	7.975671142339706	8.48166275024414	8.069051295518875	7.951519638299942	7.778865024447441	6.076189048588276
4	1	ten	11.226045697927475	14.130210869014263	15.048404768109322	13.927538827061653	14.258222572505474	13.974417962133884	15.94057485088706	15.972177807241678	17.578725839033723	16.57545453682542	10.488679538480937	8.924721993505955
4	2	years	1.683272329159081	1.2904402932545054	1.342054635670138	0.8697184175284747	1.023482926271754	0.5182900652292233	0.3377722837043393	0.26934435613475216	0.14351334561069962	0.10644806467462331	0.18935831368435174	1.0074527785182
4	3	old,	14.157091087661684	17.413575698396016	15.232203636865961	15.83244984084422	12.687980771215734	12.712591796531058	10.640957528694912	7.769812120075585	2.650163339727442	0.11586002317926614	0.01209396673948504	0.35277562390547246
4	4	I	5.314761575311422	7.706519314087927	7.383809830062091	6.951229942496866	6.105868160491809	5.357521623955108	5.261340981378453	6.389063166279811	5.0093559121887665	5.298507034087379	3.1126959267712664	2.8726683204295114
4	5	could	5.275791607797146	5.0220629051327705	5.3628169521689415	5.935210406780243	5.941312398761511	5.598640460520983	4.917809607461095	6.1243377001956105	7.937325639650226	6.8414146865252405	6.228444641456008	5.008578673005104
4	6	not	3.8525042543187737	4.893329187296331	5.2816579304635525	5.9457437777891755	5.6193571370095015	6.129585857735947	7.44853702178807	8.736679647423443	8.282292084803885	5.535370174799027	2.8194039780355524	2.018363610841334
4	7	figure	9.365672222338617	10.413451017579064	9.542141754180193	8.022853489033878	7.7802242948673666	8.6953434352763	9.189232704418828	9.475756465952145	12.44444221262711	8.56718701103091	6.205725498526675	5.8322618839738425
4	8	out	9.643333598971367	6.5997264452744275	1.3434692546725273	0.2712710528867319	0.2237163764948491	0.30230794872159095	0.436000824814073	1.2925153962764853	1.0728928445964812	1.9384624957783814	3.671583684194957e-05	0.042125976557144895
4	9	what	5.254555379971862	4.34700769209303	4.003094956380664	5.854193780818605	4.926138571787305	4.901142061425617	4.649111807342706	5.250589191959534	6.373468458937623	6.94796604082147	3.825047806427733	1.6061422096099705
5	0	This	4.974109798669815	5.985297763720155	6.587970989756286	6.599953514058143	6.612010053242557	6.626740850129863	6.637620033558051	6.644207477656892	6.6539455056326915	6.6635891199225625	6.67800270934822	4.830468028318137
5	1	is	4.23670413903892	5.521087886299938	5.660157866310328	5.711100637796335	5.312648951832671	4.720304652611958	4.957444026971643	4.935839682148071	3.1535899643795346	2.951372981060274	1.7720745320621063	1.695304830558598
5	2	a	2.8992829346098006	4.410643526702188	4.206519226718228	2.390816018349142	2.474556696462969	1.28255979441019	1.031637451320421	0.7713074495986803	0.45614922089953325	0.3760359897240164	0.5079557152275811	1.0989094704855233
5	3	story	10.131065636407584	10.508955593337305	10.79094306594925	10.549658111514873	10.85794546870602	10.072019334729703	10.005904398451094	9.038652260627714	7.195363444294344	6.20161111501875	4.569445062719751	4.331512454198673
5	4	of	7.741564008407295	6.507735141785815	6.17132839106489	5.647616764937993	5.772994767525233	5.235611555573996	4.929750943512772	3.9168922202370595	4.632646713827853	7.714315996421647	4.2044455636059865	2.0146766633260995
5	5	how	7.993365214206278	8.595514590619132	6.425652404199354	5.869017360324506	3.2520870979642496	3.0603797291987576	2.234592527660425	1.250220369111048	0.5961245625949232	0.663377230954211	1.3582693478092551	2.8544739910867065
5	6	Mr.	23.77028700336814	23.45612108334899	23.325140945613384	21.53939538821578	20.804085802286863	21.60546263679862	21.918972618645057	18.39521926402813	14.188099403778324	10.91115158345201	8.199614220182411	7.835441291332245
5	7	Sticky	13.455186292529106	14.104508191347122	13.015658535063267	15.231925752013922	15.464286353439093	17.000828435644507	17.47388052730821	18.509012909664307	19.185714652267052	18.149112342012813	15.199774970416911	13.676815960556269
5	8	got	9.019858890213072	9.600801497232169	8.540691687609069	7.279949402203783	8.097565496107563	6.735788355348632	7.362557124521118	6.33680290047414	3.6885418528545415	1.924726977798855	1.3698363261064515	3.1380303830374032
5	9	in	7.302646900527179	8.80180729413405	9.859156393562444	8.78894946188666	10.187851524213329	10.771803011419252	11.131516743276734	12.599316953976086	9.871320527643547	8.85901325303712	6.175638427142985	4.276950542582199
6	0	The	3.925085410475731	4.153940498828888	4.95112457126379	4.974028497934341	5.140066310763359	5.66644960641861	5.906854689121246	5.930570840835571	5.556961178779602	5.37839338183403	4.970723079517484	3.251816167961806
6	1	text	8.655448414385319	9.8118915874511	10.4914434812963	11.360231624916196	10.614079110324383	11.623151794075966	11.091401726007462	10.94127706438303	10.361903578042984	10.21118737757206	8.75308336596936	8.420817073900253
6	2	message	7.894771050661802	5.995856049237773	3.4362548640929163	3.5102389408275485	3.3664009499771055	3.9200549569213763	2.8600370586618737	1.9120356080238707	2.5138326242449693	3.0417285280273063	5.4283678703941405	5.694904696196318
6	3	said	17.93045399710536	20.220433081733063	20.580379402730614	19.193487125448883	17.644710957683856	15.6517812613165	17.19324117891938	16.980532227724325	14.643845830869395	13.096231205578079	7.896033801604062	5.221782274544239
6	4	that	2.681001752614975	2.708025261759758	2.542378533631563	1.8848587311804295	1.428118659183383	1.8521195314824581	1.2854323419742286	1.7957492389250547	1.6302714517805725	1.6360623453510925	0.41041632229462266	1.4282054416835308
6	5	Lucy	15.292392957955599	16.39546898007393	15.508199233561754	15.948399011045694	16.34881761856377	17.66246733441949	18.577881928998977	16.47511433879845	16.082096142461523	12.687696405802853	11.388714564498514	9.94562154635787
6	6	Josephs	26.577945705503225	23.951409801840782	20.364703498780727	20.211323283612728	20.208928152918816	18.887134909629822	17.72458654642105	16.80584080517292	16.662402510643005	16.185021430253983	15.322297126054764	14.44665565341711
6	7	was	6.69075570255518	6.450790662318468	6.156022660434246	5.05424172244966	6.1182723343372345	5.571027502417564	3.6675085723400116	0.8781642839312553	0.47445576230529696	0.6690791315922979	1.464279362699017	1.5807932300958782
6	8	a	3.350719775771722	4.208940840268042	4.2765894355252385	4.362217307265382	4.61317610021797	4.588610731487279	4.074261009984184	4.030672465887619	3.788069114438258	4.403590439927939	3.5086175453616306	2.9925264002522454
6	9	failure.	26.432881813729182	24.12540613586316	23.137379500083625	22.55071869288804	21.69181097645196	20.7353886920464	19.829691230959725	20.719711239013122	19.56807005032897	16.87933140408859	13.811912681325339	11.334971173084341
7	0	The	3.925085410475731	4.153940498828888	4.95112457126379	4.974028497934341	5.140066310763359	5.66644960641861	5.906854689121246	5.930570840835571	5.556961178779602	5.37839338183403	4.970723079517484	3.251816167961806
7	1	Roswell	22.93872331082821	21.39226144552231	17.97802410274744	19.131210178136826	17.28371249139309	17.18041431903839	16.76985378563404	16.45319588575512	15.419632069766521	13.147309071850032	12.046423746272922	11.588411443401128
7	2	UFO	9.938062253844691	10.273480061310693	9.406712719704956	9.596123159397393	9.203333022072911	10.139267201535404	10.828706160187721	10.798159768339247	8.849756309296936	5.775280291331001	3.2196765933185816	3.2875342927873135
7	3	Incident	18.81915354638477	17.621901714839623	13.971756055019796	11.267239880282432	9.450828151777387	8.517975368537009	7.09938321262598	5.809376567136496	4.8531311438418925	3.236816546297632	3.17614789865911	3.2934901379048824
7	4	was	10.986982859205455	10.836843603756279	10.928950800094754	9.24705427675508	7.983009874471463	5.796381102700252	4.683193641802063	5.354388292325893	4.8093733529458405	5.475284405072671	2.479631427966524	2.2355530825443566
7	5	the	4.353163963882253	6.113601608718454	5.68246742971678	6.0214635033885315	6.289368402616674	6.4591539299005944	5.8852322445436585	6.166912643794376	6.491874094783327	7.339595139006718	4.371246274274881	2.1211601600807626
7	6	alleged	11.537854606518522	12.4473544633438	13.158766095708415	13.542998789318062	12.286464096923737	12.649948801146138	12.952553193188578	14.88991999891482	15.631996215037304	15.252126038077819	11.294149113319008	7.928652494418202
7	7	recovery	10.081047018447862	9.719883343554102	10.415011514909565	10.229908924084157	11.307624712586403	10.570379615528509	10.215766360634007	12.018354838561208	10.95946253027796	15.178941909802461	14.155798677384155	10.124319120310247
7	8	of	13.48594188604693	8.061880099121481	4.997247986670118	2.9440028920653276	1.7566252949181944	0.9602357493495219	0.14565057982986218	0.03064956452590195	0.018470488487309922	0.050813853173167445	0.028902067352191807	0.25034112844150513
7	9	extra-terrestrial	41.43148255394772	33.47234304633457	32.31744635832729	29.606015543278772	31.674615354975685	32.815753447845054	32.628523454067135	30.521445509506066	25.62201914841853	19.852897456017672	14.74907143808332	9.777691466850229
8	0	Tulip	32.31687816977501	32.093785762786865	31.071629762649536	28.818076252937317	27.893219828605652	27.9599689245224	23.649959206581116	20.560069859027863	21.059503257274628	17.988590955734253	15.150569215416908	12.333771377801895
8	1	mania	22.854860067367554	28.669424057006836	30.242528438568115	24.915858387947083	22.62910658121109	20.77719123661518	21.488909304142	24.203520741313696	19.7488763500005	16.0395163083449	12.694694951176643	11.508736699819565
8	2	was	5.839915893040597	5.490158684086055	4.790511267259717	4.646181612275541	4.64544359780848	4.518854743335396	4.415468310937285	5.047573479358107	5.919807154132286	5.565153975680005	4.838044703530613	3.690700480947271
8	3	a	2.9637696905992925	4.031968421884812	3.8595163598656654	4.281714526179712	4.675242372934008	5.703744069265667	4.866786391132337	5.346457724292122	5.182444836162176	5.957994552634773	4.0667968148045475	2.7691410465631634
8	4	period	9.750750106293708	11.124305271427147	11.76512305624783	11.966340187762398	12.212967944185948	11.229241394379642	9.95013935991301	10.283233145884878	10.499297424623364	11.26624023912882	8.846004139326396	7.541089614387602
8	5	in	7.585278839804232	6.682986547239125	5.946349628269672	5.41431918926537	4.9364221058785915	5.7777101546525955	6.425912423059344	6.016762929968536	5.0439370801032055	5.382961815223098	4.894656104971546	2.863374841748737
8	6	the	0.7883561818453018	2.007292424183106	1.4630931131542297	0.5585681479687992	0.8708798326797478	0.21854354443030388	0.1685754749927355	0.2535439124378627	0.847323618363589	2.5742972437401477	3.9278409481876224	1.8097319676016923
8	7	Dutch	15.01964489123202	15.850493071746314	16.73950117826456	17.49938249585375	17.767122149442912	18.41607522962613	15.597967743873255	13.206160873169893	12.486822128266795	14.0145452543984	11.98789565442712	7.964386489969911
8	8	Golden	9.70217908511404	8.649145036935806	9.374814420938492	8.54859983921051	7.656180992722511	7.704130709171295	8.162838526070118	9.019380738027394	10.104936263523996	10.092521643717191	9.475030906847678	8.789566380204633
8	9	Age	7.296461644931696	4.657717134337872	2.847492265049368	2.6259142523631454	0.9425555858761072	0.4656682088971138	0.6401408389210701	0.47739408258348703	0.23499429319053888	0.2405545129586244	0.2704906385624781	0.2776883642654866
9	0	Tourette's	42.71158808097243	42.44165642373264	41.722575448453426	37.080712074413896	33.07899980247021	28.278602194506675	27.42054489115253	26.200600748881698	25.02724140509963	22.509010293520987	18.473983937874436	15.97405806928873
9	1	syndrome,	16.95809944719076	13.750958940014243	12.238173381658271	11.285227232525358	10.701508898870088	7.915823300689226	9.622815763133985	8.805695056013064	7.77256638286417	9.239603660589637	8.092168665694771	6.0356488461839035
9	2	a	4.11495736357756	5.696882645483129	6.3457170280162245	6.547381282638526	8.331547593930736	8.074160833988572	7.35389348751778	7.456665997946402	8.367424909050897	6.502162396388371	2.843202381193123	1.6859739235369489
9	3	neurological	16.129008650546893	17.861817940254696	16.963792953873053	16.95239655673504	15.833213772624731	12.073882658733055	13.762768491811585	13.267579984443728	5.787172491574893	1.9835209250443313	2.6393870115350637	3.3564336453564465
9	4	disorder	6.341841934481636	6.3340717745013535	7.041480440879241	5.3796011249069124	4.422452666913159	3.6141721273306757	2.2658786620013416	1.5565658070263453	0.5355045161850285	0.33827815495885716	0.3708005573334958	0.8741627936251462
9	5	characterized	17.704526127083227	15.484203196596354	12.181000524200499	10.409610611386597	8.07191085908562	8.541268530127127	7.7825367026089225	5.324463780350925	4.745227340632027	2.290892471445659	0.44088172694682726	2.007738630665699
9	6	by	5.8891068326774985	3.388918615411967	2.668825053726323	1.6790147840802092	0.6701583006361034	0.21632948087062687	0.1967055049026385	0.2540165453538066	0.0751506909497266	0.008857028558850288	0.0009309846254836884	0.007201283617177978
9	7	repetitive,	28.689815822755918	27.11730014299974	25.879080800223164	23.9715067485522	21.5100491947087	17.348835135053378	14.928051045775646	14.331440568277685	13.930579304695186	12.743117213246649	8.56438052653607	7.781435595039511
9	8	involuntary	16.821328535709654	18.382244685210026	17.588587312686286	16.984387161792256	16.059932072879747	15.551638668053783	12.378475112200249	10.007544382102424	9.235219511668959	10.14194689411653	4.945489704607326	3.3775413702533115
9	9	movements,	28.818446580286945	22.13921901536014	16.18423416283258	10.145345762372017	6.327203859982546	6.575451898854226	5.04266584420111	4.06694706036069	4.077907380629767	4.160189914518924	3.5988171110584517	2.668045235972386
