text_id	word_id	word	context_limited_surprisal_context_1	context_limited_surprisal_context_2	context_limited_surprisal_context_4
0	0	If	5.3494157791137695	5.3494157791137695	5.3494157791137695
0	1	you	3.4436607360839844	3.4436607360839844	3.4436607360839844
0	2	were	5.30383825302124	4.035750865936279	4.035750865936279
0	3	to	3.6347079277038574	3.6129512786865234	1.6135766506195068
0	4	journey	10.333471298217773	10.27223014831543	9.83078384399414
0	5	to	2.5197176933288574	1.316240906715393	1.7377640008926392
0	6	the	2.6109445095062256	1.6577787399291992	1.503510594367981
0	7	North	8.16537094116211	6.819002151489258	5.1067585945129395
0	8	of	3.453280448913574	4.2113938331604	5.259391784667969
0	9	England,	10.236957550048828	4.1119842529296875	3.688722610473633
0	10	you	5.623769760131836	5.721451759338379	5.765063285827637
0	11	would	5.16970682144165	3.5105526447296143	3.268519878387451
0	12	come	5.482709884643555	6.290217399597168	6.240213394165039
0	13	to	2.3187437057495117	1.9921916723251343	1.2551696300506592
0	14	a	3.542987108230591	3.028047800064087	2.75290584564209
0	15	valley	11.3141450881958	11.102560997009277	10.319109916687012
0	16	that	4.104863166809082	2.969350576400757	2.88179874420166
0	17	is	3.969313144683838	2.537041664123535	2.021372079849243
0	18	surrounded	9.861480712890625	8.920589447021484	4.596494197845459
0	19	by	3.781886100769043	0.1276090443134308	0.06856030970811844
0	20	moors	14.874749183654785	11.430221557617188	11.93652629852295
0	21	as	4.074461936950684	4.2596893310546875	4.835042953491211
0	22	high	7.166967391967773	6.770068168640137	5.885263442993164
0	23	as	4.965346813201904	0.4788290858268738	0.08395808190107346
0	24	mountains.	13.746623992919922	12.628296852111816	9.482667922973633
0	25	It	3.3362696170806885	3.238877296447754	3.167004346847534
0	26	is	2.6830790042877197	1.2377848625183105	1.2858084440231323
0	27	in	3.9126827716827393	4.863020420074463	4.777873516082764
0	28	this	4.710409164428711	4.421200752258301	1.6801927089691162
0	29	valley	11.76727294921875	9.676752090454102	9.256604194641113
0	30	where	5.950230598449707	4.2953081130981445	3.3355488777160645
0	31	you	4.1396870613098145	4.2226152420043945	4.080317497253418
0	32	would	5.16970682144165	3.8812708854675293	3.670680046081543
0	33	find	5.966479778289795	4.599637031555176	2.4012441635131836
0	34	the	2.4388673305511475	2.5830605030059814	2.495495557785034
0	35	city	7.235651969909668	7.70133638381958	7.781221866607666
0	36	of	2.86104154586792	1.5507217645645142	2.4777395725250244
0	37	Bradford,	13.415122985839844	9.159589767456055	9.76554012298584
0	38	where	5.128657341003418	3.565829277038574	2.9021124839782715
0	39	once	7.972911834716797	8.863030433654785	8.834663391113281
0	40	a	3.4601516723632812	2.350703239440918	2.0683884620666504
0	41	thousand	9.096298217773438	6.8238396644592285	7.109253883361816
0	42	spinning	11.191831588745117	11.52621841430664	11.723809242248535
0	43	jennies	16.95651626586914	16.049503326416016	15.699832916259766
0	44	that	3.799082040786743	2.868685722351074	3.1441705226898193
0	45	hummed	14.8633451461792	12.79011058807373	11.723614692687988
0	46	and	1.966640830039978	1.5879898071289062	1.1780184507369995
0	47	clattered	15.499597549438477	10.485011100769043	8.232891082763672
0	48	spun	14.082690238952637	14.087339401245117	14.219139099121094
0	49	wool	11.732112884521484	8.168983459472656	9.254858016967773
1	0	A	4.005307197570801	4.005307197570801	4.005307197570801
1	1	clear	8.414990425109863	8.414990425109863	8.414990425109863
1	2	and	3.43652606010437	2.670844793319702	2.670844793319702
1	3	joyous	13.01206111907959	11.02407169342041	10.62916374206543
1	4	day	5.017341613769531	5.627861976623535	5.420473575592041
1	5	it	5.120888710021973	6.306674957275391	6.289380073547363
1	6	was	3.8755478858947754	1.5793201923370361	1.7603340148925781
1	7	and	4.467559337615967	6.860445022583008	3.556662082672119
1	8	out	6.93565559387207	9.378796577453613	8.457030296325684
1	9	on	4.006975173950195	4.300093650817871	4.970052719116211
1	10	the	2.1509435176849365	1.7282036542892456	0.9357357025146484
1	11	wide	8.876241683959961	9.282471656799316	6.953094482421875
1	12	open	7.328293800354004	2.9112181663513184	1.7470272779464722
1	13	sea,	11.926994323730469	7.59886360168457	6.025544166564941
1	14	thousands	8.478999137878418	7.950911521911621	8.2713041305542
1	15	upon	7.786210536956787	5.075076103210449	4.552499771118164
1	16	thousands	8.63687801361084	0.9856084585189819	0.02086140215396881
1	17	of	1.9921648502349854	0.0700087621808052	0.14245830476284027
1	18	sparkling	12.460190773010254	12.511030197143555	13.01636028289795
1	19	water	6.966534614562988	2.718930721282959	3.1657650470733643
1	20	drops,	11.453882217407227	10.041644096374512	9.097871780395508
1	21	excited	12.045114517211914	11.435226440429688	10.373748779296875
1	22	by	4.407610893249512	1.9239025115966797	1.8313829898834229
1	23	getting	7.15755558013916	7.679786682128906	8.30732536315918
1	24	to	3.2062535285949707	3.3102688789367676	2.159996509552002
1	25	play	6.613490104675293	4.518007278442383	2.970179557800293
1	26	in	3.3400774002075195	2.9451847076416016	2.7064297199249268
1	27	the	2.2516112327575684	1.4980103969573975	1.298330307006836
1	28	ocean,	11.55059814453125	9.26456356048584	11.457751274108887
1	29	danced	13.635614395141602	12.794228553771973	12.000638961791992
1	30	all	5.43894100189209	5.464436054229736	5.3936309814453125
1	31	around.	9.746776580810547	5.491156101226807	5.193018436431885
1	32	One	5.274310111999512	5.2159223556518555	4.752860069274902
1	33	of	2.6898043155670166	1.2558635473251343	1.2453222274780273
1	34	these	6.0751237869262695	3.4468276500701904	3.3230905532836914
1	35	was	5.808366775512695	6.420351982116699	3.6416091918945312
1	36	a	3.061173439025879	2.0976126194000244	2.1395554542541504
1	37	merry	11.997093200683594	11.155974388122559	11.426668167114258
1	38	little	7.085050582885742	4.309207916259766	3.826630115509033
1	39	fellow	9.751593589782715	6.937331676483154	6.732138633728027
1	40	named	8.92590618133545	6.070044040679932	3.869638204574585
1	41	Aqua,	14.962903022766113	13.184366226196289	12.925392150878906
1	42	who	3.753636360168457	2.1676554679870605	1.2115333080291748
1	43	danced	11.011984825134277	8.820005416870117	9.060606002807617
1	44	on	3.722383975982666	2.83703875541687	3.071431875228882
1	45	the	2.1509435176849365	1.3269274234771729	1.1402937173843384
1	46	silver	9.596851348876953	8.947065353393555	7.259468078613281
1	47	backs	10.546485900878906	10.035901069641113	9.807815551757812
1	48	of	2.955252170562744	2.5266854763031006	0.3119918704032898
1	49	the	2.347170352935791	1.8234666585922241	1.4447191953659058
2	0	It	5.194596290588379	5.194596290588379	5.194596290588379
2	1	was	3.4126477241516113	3.4126477241516113	3.4126477241516113
2	2	cold	9.982124328613281	8.206440925598145	8.206440925598145
2	3	and	3.0128238201141357	0.8716794848442078	0.7345213294029236
2	4	nearly	8.113349914550781	8.17879581451416	7.937707901000977
2	5	dark	9.330236434936523	11.027555465698242	5.933079242706299
2	6	on	4.802669048309326	4.655997276306152	4.229591369628906
2	7	the	2.1509435176849365	1.0669620037078857	0.8074586987495422
2	8	last	6.058500289916992	6.084283828735352	6.609371185302734
2	9	evening	9.053787231445312	9.230072975158691	7.253409385681152
2	10	of	3.218592643737793	3.025590181350708	0.6539992094039917
2	11	the	2.347170352935791	1.3690468072891235	1.394950270652771
2	12	old	7.383726119995117	6.938943386077881	7.875349998474121
2	13	year,	8.379859924316406	8.597548484802246	4.456408500671387
2	14	and	2.775273084640503	2.357555627822876	2.093339204788208
2	15	the	3.0785787105560303	2.711834192276001	2.3248817920684814
2	16	snow	9.84701919555664	9.355313301086426	7.562125205993652
2	17	was	4.594978332519531	3.334343910217285	2.5584709644317627
2	18	falling	9.2726469039917	5.357234954833984	2.886819362640381
2	19	fast	8.989690780639648	6.574272632598877	5.240694522857666
2	20	and	3.1385912895202637	1.310686707496643	0.9650474786758423
2	21	furious.	13.225395202636719	7.285653114318848	2.773123264312744
2	22	A	4.224074363708496	4.181368827819824	3.916935443878174
2	23	little	6.719347953796387	4.504914283752441	4.67041015625
2	24	girl	8.837690353393555	5.20816707611084	3.4983441829681396
2	25	no	6.822385311126709	8.07832145690918	9.026546478271484
2	26	one	4.9716925621032715	3.016634941101074	3.1574292182922363
2	27	sheltered	12.621767044067383	13.184693336486816	13.318172454833984
2	28	from	4.323125839233398	2.540339469909668	2.644376516342163
2	29	the	2.168240785598755	1.379595398902893	1.0216583013534546
2	30	gelid	19.561382293701172	19.29039192199707	19.258459091186523
2	31	air	10.962722778320312	10.609220504760742	9.167997360229492
2	32	roamed	13.629755020141602	19.047008514404297	19.716297149658203
2	33	through	3.9381251335144043	3.4089159965515137	2.7071452140808105
2	34	the	2.0670840740203857	0.9114674925804138	0.6210183501243591
2	35	streets	9.672017097473145	6.072367191314697	3.1873486042022705
2	36	with	4.09367561340332	3.930527687072754	3.498593330383301
2	37	a	2.909898519515991	2.5776877403259277	2.4022653102874756
2	38	bare	10.172224998474121	7.8197197914123535	6.426374435424805
2	39	head	7.740859031677246	5.1400465965271	5.367462158203125
2	40	and	3.1108531951904297	1.6841623783111572	1.3268054723739624
2	41	naked	11.522252082824707	10.507461547851562	7.363189697265625
2	42	feet,	10.630672454833984	9.090720176696777	6.457113742828369
2	43	looking	7.108921527862549	6.802614212036133	6.467034339904785
2	44	as	4.398725509643555	4.195994853973389	3.726616859436035
2	45	poor	8.993626594543457	7.579864501953125	8.832568168640137
2	46	as	4.67730712890625	0.7043788433074951	0.1355838030576706
2	47	a	2.9151785373687744	2.9652326107025146	3.3347105979919434
2	48	church	9.050210952758789	8.52536392211914	7.736003875732422
2	49	mouse.	13.56435775756836	13.684694290161133	10.209749221801758
3	0	Once	7.574265956878662	7.574265956878662	7.574265956878662
3	1	upon	8.094107627868652	8.094107627868652	8.094107627868652
3	2	a	3.0776147842407227	1.5511085987091064	1.5511085987091064
3	3	time	6.020452976226807	6.538610458374023	2.494692325592041
3	4	the	3.4022281169891357	5.214065074920654	2.162652015686035
3	5	birds	10.307696342468262	7.8491129875183105	8.542288780212402
3	6	took	7.559721946716309	6.189640045166016	5.460500717163086
3	7	it	4.438859462738037	3.8351454734802246	4.434169769287109
3	8	into	6.310292720794678	3.9952425956726074	3.584216833114624
3	9	their	4.953039646148682	4.005761623382568	1.0837504863739014
3	10	heads	8.722238540649414	6.260319232940674	2.1065778732299805
3	11	that	4.0286970138549805	4.168398857116699	1.111989974975586
3	12	they	4.959263324737549	3.9657599925994873	1.718873143196106
3	13	would	4.566610336303711	3.252690315246582	3.1838221549987793
3	14	like	5.220221519470215	3.6501622200012207	3.1255340576171875
3	15	a	3.1030216217041016	4.3147478103637695	4.289126396179199
3	16	master,	12.22862720489502	10.347639083862305	11.758383750915527
3	17	and	2.3692073822021484	2.167447566986084	2.2191643714904785
3	18	that	4.750964164733887	3.680042028427124	3.288311243057251
3	19	one	5.5138678550720215	5.57529878616333	5.066567420959473
3	20	of	2.689898729324341	1.4875917434692383	2.34151029586792
3	21	their	5.306443214416504	3.9972949028015137	3.6518609523773193
3	22	number	6.994106292724609	7.439852714538574	7.275853157043457
3	23	must	7.506780624389648	7.9363250732421875	6.987595558166504
3	24	be	3.21783447265625	0.284711629152298	0.6338186860084534
3	25	chosen	9.229941368103027	7.125758171081543	6.300885200500488
3	26	king.	11.914011001586914	14.554407119750977	17.372982025146484
3	27	A	4.686669826507568	4.446474552154541	4.34870719909668
3	28	meeting	8.533923149108887	7.622788429260254	7.739102840423584
3	29	of	3.1692566871643066	1.6121022701263428	1.0029945373535156
3	30	all	5.540098667144775	4.723902702331543	3.413119316101074
3	31	the	2.904885768890381	1.9055384397506714	1.4081850051879883
3	32	birds	10.307696342468262	8.11552619934082	9.959247589111328
3	33	was	4.78291130065918	5.097997665405273	6.527040958404541
3	34	called	6.661150932312012	5.792337417602539	6.687456130981445
3	35	and	3.916262149810791	4.055771827697754	5.264133930206299
3	36	though	8.093162536621094	8.917494773864746	7.6907243728637695
3	37	they	4.584853172302246	2.983616590499878	2.8314127922058105
3	38	understood	8.965980529785156	8.532008171081543	8.112286567687988
3	39	the	2.5628750324249268	1.7215206623077393	1.696373462677002
3	40	birds	10.307696342468262	10.04669189453125	11.887187004089355
3	41	who	5.337158203125	5.012514114379883	5.376359939575195
3	42	were	4.614555358886719	2.390868663787842	2.1929259300231934
3	43	from	5.346893787384033	6.4624810218811035	7.124120235443115
3	44	the	2.168240785598755	1.6579725742340088	1.2915056943893433
3	45	most	5.893061637878418	6.256390571594238	6.4593400955200195
3	46	distant	9.561756134033203	7.786410808563232	5.144277572631836
3	47	lands	9.923579216003418	5.291315078735352	5.540367126464844
3	48	would	6.129324436187744	5.516103744506836	6.163931846618652
3	49	be	3.1582069396972656	0.9938215017318726	1.1833629608154297
4	0	At	6.074203014373779	6.074203014373779	6.074203014373779
4	1	ten	9.106498718261719	9.106498718261719	9.106498718261719
4	2	years	5.565103530883789	1.1837085485458374	1.1837085485458374
4	3	old,	8.994321823120117	5.029169082641602	1.723829984664917
4	4	I	4.31855583190918	4.463294506072998	2.246173858642578
4	5	could	5.089864730834961	4.090785980224609	4.402653694152832
4	6	not	3.8652915954589844	2.5585405826568604	2.255295991897583
4	7	figure	9.04736614227295	6.638345718383789	5.861023426055908
4	8	out	5.408138751983643	0.6528345942497253	0.09177996963262558
4	9	what	5.9850006103515625	1.6916284561157227	1.7934926748275757
4	10	it	4.156260967254639	3.1149075031280518	2.8114185333251953
4	11	was	3.8755478858947754	2.588207960128784	2.271348476409912
4	12	that	4.297553062438965	4.825183391571045	2.53678035736084
4	13	this	5.1182169914245605	4.16685676574707	5.334466934204102
4	14	Elvis	13.408567428588867	14.811107635498047	13.565799713134766
4	15	Presley	9.76215934753418	2.0023345947265625	2.8554892539978027
4	16	guy	11.728913307189941	11.68714714050293	6.372128009796143
4	17	had	5.309057235717773	4.9188103675842285	5.127411365509033
4	18	that	4.481596946716309	5.377981662750244	4.871877193450928
4	19	the	2.9159693717956543	5.426809310913086	6.278771877288818
4	20	rest	7.761611461639404	6.9849534034729	3.947988748550415
4	21	of	1.9674906730651855	0.13801169395446777	0.08203579485416412
4	22	us	7.103748321533203	4.246088981628418	1.7838990688323975
4	23	boys	10.40152359008789	8.939017295837402	10.776766777038574
4	24	did	6.318161487579346	6.846141815185547	5.893655300140381
4	25	not	3.4299638271331787	0.9240273833274841	1.0518563985824585
4	26	have.	9.931461334228516	8.921683311462402	7.410663604736328
4	27	He	4.2241010665893555	4.072840690612793	4.107677459716797
4	28	seemed	7.4531097412109375	6.305782794952393	5.970884799957275
4	29	to	2.4550938606262207	0.676445722579956	0.7861576080322266
4	30	be	4.143613815307617	1.4734097719192505	1.4093575477600098
4	31	no	5.977866172790527	6.909967422485352	6.946746349334717
4	32	different	7.366597652435303	5.16636848449707	2.4693164825439453
4	33	from	4.604535102844238	1.216060996055603	1.0873417854309082
4	34	the	2.168240785598755	1.3781241178512573	1.7259509563446045
4	35	rest	7.761611461639404	6.622376918792725	4.160897731781006
4	36	of	1.9674906730651855	0.13801169395446777	0.09171244502067566
4	37	us.	9.419900894165039	6.519684791564941	3.876178741455078
4	38	He	4.272948265075684	4.122880935668945	4.3183488845825195
4	39	was	3.2936813831329346	2.4093098640441895	2.2788422107696533
4	40	simply	7.207996368408203	7.071265697479248	6.394827842712402
4	41	a	3.647029399871826	1.9370943307876587	2.177424192428589
4	42	man	6.755624771118164	6.247200965881348	3.6219239234924316
4	43	who	4.530823230743408	1.5244801044464111	1.2668365240097046
4	44	had	4.718504905700684	2.9164562225341797	2.9176933765411377
4	45	a	2.977215528488159	3.7310261726379395	3.2745800018310547
4	46	head,	10.142608642578125	11.252180099487305	11.274796485900879
4	47	two	7.048862457275391	6.341187477111816	5.605945110321045
4	48	arms	8.796452522277832	5.783115386962891	3.2697134017944336
4	49	and	2.6917428970336914	1.93434739112854	0.5580949783325195
5	0	This	4.828482151031494	4.828482151031494	4.828482151031494
5	1	is	2.976398468017578	2.976398468017578	2.976398468017578
5	2	a	3.0122604370117188	1.8667454719543457	1.8667454719543457
5	3	story	7.145928382873535	6.605724334716797	5.912313938140869
5	4	of	2.9455323219299316	2.7682812213897705	1.555824875831604
5	5	how	6.628418922424316	2.655620813369751	3.4419124126434326
5	6	Mr.	8.702787399291992	8.508587837219238	7.510185241699219
5	7	Sticky	14.72817611694336	14.432861328125	14.060088157653809
5	8	got	9.117849349975586	7.071359157562256	3.801081657409668
5	9	in	3.9168388843536377	3.4103236198425293	3.566462516784668
5	10	Abby's	14.172351837158203	15.287166595458984	14.790851593017578
5	11	fish	10.949743270874023	11.680946350097656	11.665088653564453
5	12	tank.	11.452033996582031	4.956722259521484	2.8618364334106445
5	13	'He's	12.47528076171875	12.676674842834473	11.626059532165527
5	14	very	5.054200172424316	4.159051895141602	3.801934003829956
5	15	small,'	16.114219665527344	9.077530860900879	7.0274457931518555
5	16	Abby's	15.45120906829834	15.678153991699219	14.306276321411133
5	17	mom	5.825216770172119	4.083827018737793	2.8550028800964355
5	18	said	6.524502754211426	3.4840354919433594	2.582714796066284
5	19	as	4.640212059020996	4.099488735198975	2.2881624698638916
5	20	she	6.18035364151001	2.0492019653320312	0.6427025198936462
5	21	peered	9.845948219299316	8.74658203125	7.094992160797119
5	22	at	1.6678640842437744	1.7638970613479614	2.0492379665374756
5	23	the	2.185687303543091	1.7887697219848633	1.0282745361328125
5	24	tiny	9.20064640045166	8.586250305175781	6.218626976013184
5	25	water	7.549556255340576	7.024949073791504	6.654849052429199
5	26	snail.	16.00130844116211	13.514686584472656	13.160140991210938
5	27	Abby	12.566387176513672	12.370656967163086	12.116327285766602
5	28	said	6.1562933921813965	4.860500812530518	4.800762176513672
5	29	that	3.34877872467041	2.382765531539917	2.1682276725769043
5	30	he	4.91813325881958	2.2737975120544434	3.9672067165374756
5	31	would	4.527179718017578	2.9378457069396973	3.141416311264038
5	32	grow	7.875901699066162	7.5149126052856445	8.938674926757812
5	33	and	3.390066146850586	3.1661205291748047	4.422717094421387
5	34	then	6.091533660888672	5.300938606262207	4.949702262878418
5	35	pulled	9.027360916137695	7.06891393661499	10.741923332214355
5	36	her	5.8963727951049805	2.956912040710449	3.759237051010132
5	37	pajama	12.824620246887207	11.162662506103516	11.381109237670898
5	38	bottoms	4.963006019592285	2.2695627212524414	0.9930806756019592
5	39	up	4.76131534576416	6.88267707824707	2.358217716217041
5	40	again	7.968568801879883	6.436202049255371	6.745593070983887
5	41	before	6.228211879730225	4.923547744750977	4.612253189086914
5	42	she	5.820017337799072	4.093608379364014	4.489923000335693
5	43	got	5.975290298461914	4.027945041656494	3.7546448707580566
5	44	into	5.646639823913574	3.1567158699035645	3.1666953563690186
5	45	bed,	10.987874031066895	8.421239852905273	5.019585609436035
5	46	for	5.456304550170898	6.059462547302246	6.5443949699401855
5	47	they	6.492458343505859	5.339408874511719	5.627078056335449
5	48	were	4.352182388305664	2.4965670108795166	2.2176363468170166
5	49	always	6.867100715637207	5.904088020324707	4.432779312133789
6	0	The	3.249830484390259	3.249830484390259	3.249830484390259
6	1	text	8.21389389038086	8.21389389038086	8.21389389038086
6	2	message	8.478984832763672	6.956709861755371	6.956709861755371
6	3	said	7.456212043762207	8.228373527526855	5.013589859008789
6	4	that	3.34877872467041	1.6074143648147583	1.4587929248809814
6	5	Lucy	11.905027389526367	11.106945037841797	10.416751861572266
6	6	Josephs	14.807640075683594	14.274538040161133	14.404853820800781
6	7	was	3.7949776649475098	3.4283392429351807	1.685197353363037
6	8	a	3.061173439025879	2.6944172382354736	2.632791757583618
6	9	failure.	11.323801040649414	8.247344970703125	11.094685554504395
6	10	It	3.3875808715820312	3.335629940032959	3.6213979721069336
6	11	said	5.778094291687012	5.7736124992370605	6.496245861053467
6	12	she	5.826609134674072	4.421796798706055	5.099921226501465
6	13	was	3.4204843044281006	1.6811683177947998	1.5034363269805908
6	14	ugly,	12.46589469909668	11.449837684631348	12.232660293579102
6	15	had	7.257941246032715	6.226526260375977	4.086381435394287
6	16	no	5.174567222595215	3.3199386596679688	2.7834677696228027
6	17	style	8.969380378723145	10.483115196228027	8.188050270080566
6	18	and	3.11681866645813	3.1819403171539307	1.7300610542297363
6	19	the	3.0785787105560303	3.7192094326019287	4.028736591339111
6	20	world	6.605999946594238	5.900888442993164	5.785786151885986
6	21	hated	11.836651802062988	11.501184463500977	12.109267234802246
6	22	her.	7.943964958190918	4.5899658203125	3.8307266235351562
6	23	At	5.484508991241455	5.384397506713867	5.329099178314209
6	24	least	6.4893341064453125	2.5760951042175293	2.1977181434631348
6	25	that	4.253287315368652	4.284695625305176	3.7533175945281982
6	26	was	4.685844421386719	4.986326217651367	0.9479790925979614
6	27	what	6.00121545791626	5.510378837585449	1.9896399974822998
6	28	it	4.156260967254639	3.0847201347351074	3.1871347427368164
6	29	said	6.84397029876709	5.055527210235596	5.082032680511475
6	30	to	3.1663501262664795	3.590503454208374	3.578949451446533
6	31	Lucy.	15.178462982177734	14.18149185180664	12.179920196533203
6	32	It	3.9015793800354004	3.6769280433654785	3.4451794624328613
6	33	said	5.778094291687012	6.334925174713135	4.812556266784668
6	34	that	3.34877872467041	1.5958583354949951	1.4350998401641846
6	35	and	4.302279472351074	7.153304100036621	7.2366533279418945
6	36	a	3.830376386642456	4.124042510986328	4.459373950958252
6	37	whole	7.346462726593018	5.7646484375	5.8086113929748535
6	38	lot	7.737436294555664	1.5002144575119019	0.8316346406936646
6	39	more	4.891730308532715	3.438755989074707	2.1187634468078613
6	40	that	4.693173408508301	5.381988525390625	5.696926116943359
6	41	she	6.105917930603027	4.785860061645508	4.603803634643555
6	42	was	3.4204843044281006	1.8710728883743286	3.335653305053711
6	43	struggling	9.235550880432129	6.906121730804443	6.850734233856201
6	44	to	2.7393136024475098	0.647068977355957	0.7764952778816223
6	45	understand.	11.102919578552246	7.257114887237549	6.843136787414551
6	46	The	2.8003015518188477	2.6317691802978516	3.033231258392334
6	47	actual	8.038986206054688	7.046924114227295	7.468530178070068
6	48	text	8.29434585571289	5.792209148406982	5.567111968994141
6	49	of	3.082676649093628	2.374305009841919	1.171034336090088
7	0	The	3.249830484390259	3.249830484390259	3.249830484390259
7	1	Roswell	11.945541381835938	11.945541381835938	11.945541381835938
7	2	UFO	10.386981964111328	3.685598850250244	3.685598850250244
7	3	Incident	10.613733291625977	8.07165241241455	3.2194724082946777
7	4	was	4.538579940795898	4.775972366333008	6.1002912521362305
7	5	the	2.8936281204223633	3.412902355194092	3.0065503120422363
7	6	alleged	8.912495613098145	8.974163055419922	8.466262817382812
7	7	recovery	9.381534576416016	10.183832168579102	9.778268814086914
7	8	of	2.732212543487549	1.89714777469635	0.3258016109466553
7	9	extra-terrestrial	14.890069961547852	13.2286376953125	11.783819198608398
7	10	debris,	10.48707103729248	9.30061149597168	8.905500411987305
7	11	including	3.823256492614746	3.140859603881836	2.661663055419922
7	12	alien	10.913156509399414	9.520536422729492	4.553892135620117
7	13	corpses,	13.161266326904297	9.499286651611328	7.2124247550964355
7	14	from	5.889334678649902	6.085676193237305	4.5330376625061035
7	15	an	4.929354190826416	4.917427062988281	4.624481201171875
7	16	object	8.209349632263184	6.608201026916504	6.674927234649658
7	17	that	3.9009344577789307	2.004014015197754	2.0408575534820557
7	18	crashed	11.453926086425781	9.601902961730957	10.2581148147583
7	19	near	7.69648551940918	5.9045610427856445	5.526652812957764
7	20	Roswell,	12.049619674682617	8.35516357421875	8.638983726501465
7	21	New	5.924018383026123	2.8578903675079346	1.9303395748138428
7	22	Mexico,	10.0343656539917	2.257000207901001	1.0899616479873657
7	23	on	5.690682888031006	5.746607780456543	2.3371365070343018
7	24	or	5.7236151695251465	6.164799690246582	8.050061225891113
7	25	about	6.367260932922363	2.387439250946045	0.5459311604499817
7	26	July	9.372238159179688	10.482499122619629	2.9959235191345215
7	27	eighth,	12.238744735717773	12.290088653564453	13.291338920593262
7	28	nineteen	10.240159034729004	9.903290748596191	9.616730690002441
7	29	forty-seven.	15.687128067016602	11.656641006469727	11.173101425170898
7	30	Since	5.872873783111572	5.930931091308594	6.182057857513428
7	31	the	2.2927989959716797	1.8597831726074219	1.8078455924987793
7	32	late	7.796937942504883	5.251890659332275	4.528946876525879
7	33	nineteen	12.865653038024902	7.791115760803223	6.527508735656738
7	34	seventies,	13.862530708312988	8.27646541595459	4.081406593322754
7	35	the	2.5578556060791016	2.6886303424835205	2.5562362670898438
7	36	incident	9.303520202636719	8.614482879638672	8.516201972961426
7	37	has	5.088566303253174	4.490859508514404	3.938994884490967
7	38	been	4.3149309158325195	1.199985384941101	1.55776846408844
7	39	the	3.225144863128662	3.759676694869995	5.426799774169922
7	40	subject	8.324505805969238	4.198814392089844	1.0110461711883545
7	41	of	2.579493522644043	0.8245559930801392	0.009286959655582905
7	42	intense	10.133504867553711	8.48208236694336	4.029554843902588
7	43	controversy	9.826833724975586	7.9658522605896	5.393718719482422
7	44	and	3.0111074447631836	3.5889434814453125	1.996476173400879
7	45	the	3.0785787105560303	2.730475664138794	3.5462329387664795
7	46	subject	8.324505805969238	8.184601783752441	6.821232795715332
7	47	of	2.579493522644043	0.8245559930801392	0.6151041388511658
7	48	conspiracy	10.888915061950684	8.922196388244629	8.912166595458984
7	49	theories	9.39858627319336	2.472766399383545	5.300768852233887
8	0	Tulip	12.331792831420898	12.331792831420898	12.331775665283203
8	1	mania	11.864739418029785	11.864739418029785	11.864739418029785
8	2	was	3.804490327835083	2.9229516983032227	2.9229516983032227
8	3	a	3.061173439025879	3.1599860191345215	2.907579183578491
8	4	period	7.8176164627075195	7.866158485412598	8.173641204833984
8	5	in	3.3185207843780518	3.817082166671753	3.1923749446868896
8	6	the	2.2516112327575684	1.7830123901367188	2.1735830307006836
8	7	Dutch	9.80398941040039	9.22311019897461	9.486266136169434
8	8	Golden	9.463430404663086	9.809744834899902	9.026839256286621
8	9	Age	8.519131660461426	5.257018089294434	2.1639914512634277
8	10	during	7.462641716003418	8.22389030456543	6.138712406158447
8	11	which	5.794376373291016	4.3903093338012695	3.3992223739624023
8	12	contract	9.497458457946777	11.259908676147461	11.913695335388184
8	13	prices	10.149285316467285	8.045732498168945	5.922614574432373
8	14	for	3.6196627616882324	1.8687291145324707	3.035118341445923
8	15	bulbs	13.568832397460938	12.565730094909668	11.014005661010742
8	16	of	3.0635485649108887	3.669415235519409	4.354896545410156
8	17	the	2.347170352935791	3.320692777633667	3.3415894508361816
8	18	recently	8.488275527954102	9.28244400024414	9.958755493164062
8	19	introduced	8.515897750854492	4.025768280029297	3.9232962131500244
8	20	tulip	14.351824760437012	15.322819709777832	12.87083911895752
8	21	reached	10.773469924926758	15.393207550048828	16.043804168701172
8	22	extraordinarily	12.121367454528809	13.282387733459473	12.636758804321289
8	23	high	6.477624416351318	2.14599871635437	0.30188074707984924
8	24	levels	7.4673004150390625	3.590937614440918	1.7753245830535889
8	25	and	3.0225296020507812	4.1952972412109375	4.18703031539917
8	26	then	6.091533660888672	5.302539348602295	5.696621894836426
8	27	suddenly	8.401991844177246	6.645832061767578	6.279258728027344
8	28	collapsed.	12.362167358398438	9.009024620056152	8.67403793334961
8	29	At	4.758360862731934	4.976446151733398	4.943024158477783
8	30	the	2.235031843185425	1.4832993745803833	1.5655829906463623
8	31	peak	9.611069679260254	6.669117450714111	6.297062397003174
8	32	of	2.9843478202819824	0.8021286725997925	0.15255416929721832
8	33	tulip	13.679718971252441	13.48800277709961	13.97790813446045
8	34	mania	10.663501739501953	8.07724380493164	7.169914245605469
8	35	in	3.459174156188965	3.6596412658691406	1.5998027324676514
8	36	February	8.923580169677734	7.461737632751465	7.448424339294434
8	37	sixteen	12.268857955932617	13.893622398376465	12.8294038772583
8	38	thirty-seven,	15.736713409423828	11.904537200927734	13.862595558166504
8	39	tulip	15.804315567016602	15.079957008361816	14.432282447814941
8	40	contracts	12.791461944580078	12.322442054748535	11.714226722717285
8	41	sold	9.415993690490723	8.195167541503906	6.087421417236328
8	42	for	3.8249940872192383	2.353867769241333	1.6208410263061523
8	43	more	5.292285442352295	3.981760025024414	3.2644364833831787
8	44	than	4.52249002456665	0.9221791625022888	0.027245497331023216
8	45	ten	8.43753719329834	5.335794925689697	5.407994270324707
8	46	times	6.58784294128418	3.337266445159912	5.091434955596924
8	47	the	3.2547948360443115	2.319596529006958	1.192805290222168
8	48	annual	8.434615135192871	8.318370819091797	5.161313056945801
8	49	income	7.769020080566406	6.896617889404297	3.4699766635894775
9	0	Tourette's	15.972066879272461	15.972066879272461	15.972066879272461
9	1	syndrome,	1.9291865825653076	1.9291865825653076	1.9291865825653076
9	2	a	3.8610754013061523	2.4424362182617188	2.4424362182617188
9	3	neurological	11.052950859069824	5.353171348571777	3.1900665760040283
9	4	disorder	8.793487548828125	1.811447024345398	0.9541261196136475
9	5	characterized	10.529296875	7.458390712738037	2.704202651977539
9	6	by	3.666564464569092	0.22804641723632812	0.017187103629112244
9	7	repetitive,	15.422834396362305	12.035502433776855	7.451042175292969
9	8	involuntary	9.095121383666992	7.534049034118652	5.5042805671691895
9	9	movements,	10.297613143920898	4.482668876647949	3.2399744987487793
9	10	was	6.621335029602051	5.977590560913086	7.117868423461914
9	11	named	8.02983283996582	6.77076530456543	7.64133358001709
9	12	for	3.9787395000457764	3.0816283226013184	3.1310410499572754
9	13	Dr.	9.209075927734375	6.476175785064697	5.8581743240356445
9	14	Georges	9.12693977355957	9.747354507446289	8.312784194946289
9	15	Gilles	10.452644348144531	9.578838348388672	9.603841781616211
9	16	de	3.8456079959869385	3.3901314735412598	2.857428789138794
9	17	la	7.761312484741211	2.0883820056915283	2.5732624530792236
9	18	Tourette,	17.170238494873047	11.648210525512695	7.5360636711120605
9	19	the	3.3862507343292236	3.474468946456909	3.066472291946411
9	20	pioneering	11.599126815795898	8.746562957763672	8.128055572509766
9	21	French	9.011391639709473	6.2138214111328125	3.538041591644287
9	22	neurologist	12.316580772399902	9.409343719482422	3.7543892860412598
9	23	who	2.821106195449829	3.494332790374756	3.777878999710083
9	24	first	6.466894626617432	6.109581470489502	4.925601005554199
9	25	described	8.879298210144043	4.897013187408447	3.0649962425231934
9	26	the	2.4513142108917236	2.1181488037109375	0.9241070747375488
9	27	condition	8.974838256835938	6.956295967102051	6.112149238586426
9	28	in	3.318070888519287	4.565844535827637	2.7340028285980225
9	29	an	4.901007652282715	4.923995018005371	3.8623600006103516
9	30	eighty-six-year-old	15.887357711791992	16.818225860595703	16.06207847595215
9	31	French	7.60498571395874	6.83563232421875	7.322054862976074
9	32	noblewoman.	17.258821487426758	11.893467903137207	12.716405868530273
9	33	It	3.6882448196411133	3.618826389312744	3.7490363121032715
9	34	is	2.6830790042877197	1.3462369441986084	1.48216712474823
9	35	almost	6.949529647827148	5.816760540008545	5.39804744720459
9	36	always	7.321767330169678	2.3468286991119385	3.904442310333252
9	37	in	4.055502414703369	3.485527515411377	4.380024433135986
9	38	childhood	10.688812255859375	11.648879051208496	11.669954299926758
9	39	that	4.5430779457092285	3.9419641494750977	4.128264904022217
9	40	the	2.9159693717956543	4.348618984222412	3.068925142288208
9	41	early	7.364450454711914	8.042801856994629	7.059784889221191
9	42	symptoms	10.525365829467773	8.951462745666504	8.085164070129395
9	43	of	2.3819572925567627	0.7958486080169678	0.48202526569366455
9	44	Tourette's	16.104427337646484	9.520526885986328	8.832942962646484
9	45	are	8.99178695678711	5.337729454040527	3.6399974822998047
9	46	first	6.564902305603027	8.071284294128418	7.815232276916504
9	47	noticed,	13.101527214050293	9.78512191772461	8.495009422302246
9	48	with	4.699483394622803	4.669530868530273	4.289841175079346
9	49	the	2.270254373550415	2.096830368041992	1.7346237897872925
