text_id	word_id	word	ngram_surprisal_context_0	ngram_surprisal_context_1	ngram_surprisal_context_2	ngram_surprisal_context_3	ngram_surprisal_context_4
0	0	If	8.351903976408824	8.351903976408824	8.351903976408824	8.351903976408824	8.351903976408824
0	1	you	6.180043335474942	1.3381580577932652	1.3381580577932652	1.3381580577932652	1.3381580577932652
0	2	were	6.65618234543312	4.623002157418922	4.395495834759917	4.395495834759917	4.395495834759917
0	3	to	4.488232625955209	4.650880652028077	3.1584350628425266	1.3685336858696484	1.3685336858696484
0	4	journey	11.078191454846891	11.60948585443348	10.08690438514682	9.714869212548152	10.119378198338769
0	5	to	4.488232625955209	2.2119730435969025	1.4440408974596917	1.2350633913959665	0.693147180559945
0	6	the	3.7264275194161627	2.1273598759912815	1.5450552253135577	1.147223723279259	0.9985288301111273
0	7	North	9.789870904622248	7.786749797486824	7.556304292156785	4.891811254355347	5.149885596654676
0	8	of	4.292016832781936	4.928009503402272	4.249651434097661	3.677863070263518	3.949318790171843
0	9	England,	12.127810568261513	9.636920413168804	3.4600723819963264	2.5445122226133243	3.805042340656814
0	10	you	6.180043335474942	5.730238271924236	5.983889525224099	5.66091590776147	5.799791710763024
0	11	would	7.2519393590459025	4.767025940623093	3.325095475496097	3.2935193678639663	2.1400661634962708
0	12	come	8.733874234824988	5.131923407634337	5.210184795348516	4.390325437488577	2.772588722239781
0	13	to	4.488232625955209	1.772624458775276	1.644462829503052	1.7034737404262543	0.4054651081081645
0	14	a	4.673564032665624	3.612790283972654	2.9578866676896656	3.1120574748678926	3.183733116275091
0	15	valley	12.01790894363164	10.336612351191361	10.269041322159465	8.77687988170529	8.433086682119239
0	16	that	5.3544595425442445	4.623172225371803	3.5715033613882277	3.220613444766741	3.3322045101752034
0	17	is	5.228227253654438	3.6161707690123706	2.752371930514406	2.255591559530715	3.0019628233046274
0	18	surrounded	11.644479925999375	8.659350208232313	8.354135903278657	3.6951100038645723	3.1267605359603947
0	19	by	6.085729837705031	0.3072327218294699	0.1106808402291648	0.07766934912966938	0.0281708769666964
0	20	moors	15.467789936073016	15.98118201814541	11.319172012347531	11.064385827288516	8.171034189205482
0	21	as	5.9115385532608045	5.064407553539261	3.506557897319982	2.302585092994046	0.916290731874155
0	22	high	8.27510189119042	6.434884135844541	5.44673737166631	0.4054651081081645	0.4054651081081645
0	23	as	5.9115385532608045	4.461713393883748	0.516771677722156	-0.0	-0.0
0	24	mountains.	13.696744122385546	14.04394871505675	9.540817602091924	9.74844466446461	-0.0
0	25	It	7.53376287622924	3.1780445633232617	3.581100557591828	3.295836866004329	2.961830721878309
0	26	is	5.228227253654438	1.4671780859267933	1.5143046633871222	1.3437347467010947	0.4054651081081645
0	27	in	4.749152367845802	4.421197766140537	4.8029450534190445	4.13985396635107	1.0986122886681096
0	28	this	6.276970864858338	3.9617884277778295	4.413097891255681	1.8550078880737964	1.945910149055313
0	29	valley	12.01790894363164	9.774076557060585	8.595679237371417	8.055682239187334	8.179974794133443
0	30	where	7.728649704048799	4.751836207428159	5.317729711860533	4.8546025023266335	2.762117422372486
0	31	you	6.180043335474942	3.227089693321979	3.913375473888869	4.204692619390966	3.4122472178487397
0	32	would	7.2519393590459025	4.767025940623093	4.5206104553236965	4.197201947661808	0.4054651081081645
0	33	find	8.321206409865422	5.7052151818480805	4.497199345241638	3.766211346357596	1.0986122886681096
0	34	the	3.7264275194161627	2.3585838225056115	2.482893880955734	2.6409076166713223	1.7290772693957752
0	35	city	9.426505181897326	6.388576269865553	7.4050130104845735	6.721174113471966	6.5074642621477015
0	36	of	4.292016832781936	2.1646669386486295	2.1143445278553834	2.4051938922662934	2.719100037288795
0	37	Bradford,	15.119253404335717	13.511370432475625	9.52022829027705	9.425453887886508	5.488937726156687
0	38	where	7.728649704048799	4.82539691265196	4.0980101521153065	2.6162426518490873	2.9378382951350885
0	39	once	9.17643821638623	8.194634613296552	6.03428454429091	4.07753744390572	2.251291798606495
0	40	a	4.673564032665624	3.0038962614020246	2.747442698666479	-0.0	-0.0
0	41	thousand	10.838716690768903	7.628554683036802	9.075647161845858	6.055444876771389	-0.0
0	42	spinning	12.492496587246588	11.755827907163908	10.732377166409721	4.722953221644475	1.252762968495368
0	43	jennies	18.99932414519602	8.534138556948706	3.3843902633457743	2.9444389791664403	-0.0
0	44	that	5.3544595425442445	4.494704066294565	4.036008985209137	-0.0	-0.0
0	45	hummed	14.941033607610965	13.48323019638385	2.4849066497880004	0.916290731874155	-0.0
0	46	and	4.446289153725225	2.525921629304271	2.0413786945262924	-0.0	-0.0
0	47	clattered	15.260502937814067	12.807463212594593	5.678766280307134	4.406719247264253	-0.0
0	48	spun	12.742066704722543	10.71843192346452	8.72518249495877	2.833213344056216	0.6931471805599453
0	49	wool	12.60928181073197	6.770723432318425	-0.0	-0.0	-0.0
1	0	A	6.952077521860634	6.952077521860634	6.952077521860634	6.952077521860634	6.952077521860634
1	1	clear	9.247613517697935	8.068578777762564	8.068578777762564	8.068578777762564	8.068578777762564
1	2	and	4.446289153725225	3.128356319831843	3.187211475589983	3.187211475589983	3.187211475589983
1	3	joyous	14.123732610155953	12.038330125056724	9.613980977184534	10.530271709058688	10.530271709058688
1	4	day	8.437948357556369	4.370271967832972	5.028407463842054	5.944698195716209	6.860988927590364
1	5	it	5.945866402839222	5.498097714587072	4.651716939233446	4.465908118654584	5.382198850528739
1	6	was	5.846854448679235	2.610599464873218	1.3952520540730404	1.128465251817791	0.6931471805599453
1	7	and	4.446289153725225	7.388094352662787	6.715243695395195	4.948866802229449	5.865157534103604
1	8	out	7.105556794529857	6.760530840416813	8.616851674891475	8.567159134674682	9.483449866548836
1	9	on	5.833512914152244	4.101011199262041	5.477065767233412	6.393356499107567	7.309647230981723
1	10	the	3.7264275194161627	1.2432212112798524	1.1350348604296467	0.7778559084868988	1.694146640361053
1	11	wide	10.082278402380211	9.088750613193197	9.124134692971506	7.621174847358689	6.571283042360925
1	12	open	8.971959881600355	3.567669520712977	4.209535164688708	4.232888598395422	2.97163472197493
1	13	sea,	12.72178800044269	7.934174021724111	9.384547959018958	6.28007291455399	6.238324625039508
1	14	thousands	10.618571419765917	8.973560298975269	8.379653777394175	9.295944509268331	10.212235241142485
1	15	upon	9.081455780187678	5.515856550336768	4.976733742420574	1.3862943611198906	2.3025850929940455
1	16	thousands	10.618571419765917	6.8756308819699345	0.03673209946896705	-0.0	-0.0
1	17	of	4.292016832781936	0.37090927608220703	0.15918264110510094	0.13464424500331873	-0.0
1	18	sparkling	13.482329211068645	11.973774123857389	10.005847543722126	10.922138275596282	11.838429007470436
1	19	water	8.828009825601857	2.813079218296725	2.0768743012598883	2.9931650331340434	3.9094557650081985
1	20	drops,	14.653809935350573	10.358580608205921	8.990379251353271	9.906669983227427	10.822960715101582
1	21	excited	11.006541376963975	11.325124925928014	12.241415657802168	13.157706389676324	14.073997121550478
1	22	by	6.085729837705031	3.0874459473565707	-0.0	0.916290731874155	1.8325814637483102
1	23	getting	9.467537409559164	7.895605936818555	8.434959991126455	9.351250723000609	10.267541454874763
1	24	to	4.488232625955209	3.4009558572034067	3.536447286222389	2.197224577336219	3.1135153092103742
1	25	play	9.100763788155586	6.0422614821984695	4.805452014375655	4.747579733828304	5.663870465702459
1	26	in	4.749152367845802	3.1236554555346157	2.7074520037032563	2.4599969369326367	2.797281334830153
1	27	the	3.7264275194161627	1.4278529483171063	1.021229367801828	0.9381699087338671	0.9621907206213542
1	28	ocean,	13.80109452317335	10.492827273272889	9.849580402389588	9.28329870395497	9.2001291552434
1	29	danced	13.257634296321198	10.47309224586681	10.05493197635111	10.645496323286036	11.56178705516019
1	30	all	6.913114944150092	4.684565460690745	5.6008561925649	6.517146924439055	7.43343765631321
1	31	around.	11.737329459078412	7.816462941413462	5.066320638696943	5.982611370571098	6.898902102445253
1	32	One	9.302215485745581	5.660311285377414	5.638055353852997	6.554346085727152	7.470636817601307
1	33	of	4.292016832781936	1.5956767224831445	1.1096464931379408	1.3556889120438127	2.271979643917968
1	34	these	7.662955094971512	4.784087322729242	2.789696389559044	3.610917912644225	3.002849741322855
1	35	was	5.846854448679235	6.997246030701289	5.930279833519728	2.6654914475534692	3.16758253048065
1	36	a	4.673564032665624	2.7831897310357085	2.2613697332290936	2.2917093893031097	2.0212093701164324
1	37	merry	13.573423415120857	10.62653418214511	9.642052871612893	10.55834360348705	11.474634335361204
1	38	little	8.675444912632017	4.326513187472576	3.529705047910447	3.6041944449139542	4.520485176788109
1	39	fellow	10.884597676478768	6.998361256726769	4.118185089087576	3.9104531463930265	2.3978952727983707
1	40	named	10.15533531229724	5.885247594725289	5.560196563556551	4.653960350157523	5.570251082031678
1	41	Aqua,	17.67778548406134	12.905828816897069	13.822119548771223	14.738410280645379	15.654701012519533
1	42	who	7.375208880784967	3.666420388987614	1.6650077635889111	2.581298495463066	3.497589227337221
1	43	danced	13.257634296321198	9.840767059726893	10.757057791601047	11.673348523475203	12.589639255349358
1	44	on	5.833512914152244	3.2094861682610407	3.0862051184984445	4.0024958503726	4.918786582246755
1	45	the	3.7264275194161627	1.2432212112798524	0.7277287470358864	0.8130729211286898	1.729363653002845
1	46	silver	11.106265979651079	9.527666200856121	9.306904132393683	6.644019486164191	4.458215773031427
1	47	backs	12.410791389752934	10.247696068343238	9.589346925077153	8.091219206676532	1.7346010553881064
1	48	of	4.292016832781936	1.9155821590864157	1.6292405397302798	0.5705448584676129	-0.0
1	49	the	3.7264275194161627	1.401054179290881	1.4714041452343345	1.3862943611198904	1.4663370687934272
2	0	It	7.53376287622924	7.53376287622924	7.53376287622924	7.53376287622924	7.53376287622924
2	1	was	5.846854448679235	1.882212644033789	1.882212644033789	1.882212644033789	1.882212644033789
2	2	cold	10.307430265387548	8.369178636449933	6.830734717916652	6.830734717916652	6.830734717916652
2	3	and	4.446289153725225	2.715844182981595	1.3244717627399218	1.3212812315253792	1.3212812315253792
2	4	nearly	10.124448569596698	8.920026871828238	8.09973150857417	7.697589989484297	6.906865994797252
2	5	dark	9.904807816902483	7.313283647805299	7.72226970750337	2.4135818689660704	2.0476928433652555
2	6	on	5.833512914152244	6.2033951485799665	5.302524191712209	2.639057329615259	0.3022808718729335
2	7	the	3.7264275194161627	1.2432212112798524	1.1594532806657032	0.4353180712578455	0.054067221270275745
2	8	last	8.431011118761685	5.786771795367347	6.438718387134488	5.293551931517068	0.55206858230004
2	9	evening	10.703675737271361	7.1603601679574975	8.394048512724188	5.750526148034933	1.0663514264498883
2	10	of	4.292016832781936	2.8609718104674506	3.2216837753678123	1.2125969267700327	0.7714700233753291
2	11	the	3.7264275194161627	1.401054179290881	1.6497575033599716	1.0270734141856828	0.9228740341233532
2	12	old	8.996218348992723	6.887688990567106	6.849381942286625	7.015025734249432	2.771510555019436
2	13	year,	10.245197101303273	10.433781333588847	9.0288779677056	7.683909268093512	1.264597426142371
2	14	and	4.446289153725225	2.3895076460379574	1.4219994289046003	1.3219772994007863	1.3217558399823197
2	15	the	3.7264275194161627	2.7077248388119592	2.336405026610297	1.4012423225557633	1.2882696569522771
2	16	snow	10.963670084721704	8.79340676294318	8.663888338173733	7.542089184527334	1.8538912503350615
2	17	was	5.846854448679235	4.482009236878534	3.8680660478268187	2.5317855980164463	1.1631508098056806
2	18	falling	11.272302057240227	8.691752522545709	2.193993556754773	2.659074563413471	2.403500258838023
2	19	fast	9.809484385325764	5.994284097848082	4.53107373494777	3.3386770246808215	2.88017501987565
2	20	and	4.446289153725225	2.923753274837951	2.366712345361682	2.1556639639995083	1.5993875765805994
2	21	furious.	14.960092626074763	12.698964351843674	5.128384739512899	4.640888268590171	5.557179000464326
2	22	A	6.952077521860634	4.852374512109567	4.128665834751881	4.128328415037698	5.044619146911853
2	23	little	8.675444912632017	6.409188419849375	4.662390326317983	4.2995504128496425	3.58351893845611
2	24	girl	10.016334510410974	4.058085383926878	3.8044535314255583	2.1972245773362196	1.0986122886681098
2	25	no	7.319450975921036	8.155903978346434	7.721945644194773	6.370868352773815	7.28715908464797
2	26	one	6.9614226276775	3.386883886406645	2.1559631189547934	2.6330871626287546	3.1354942159291497
2	27	sheltered	13.82273283840295	13.881713796550825	14.867134890842742	15.783425622716896	16.69971635459105
2	28	from	6.251030922541528	2.2774683348057376	2.5708490795887253	3.4871398114628804	4.403430543337035
2	29	the	3.7264275194161627	1.2831552748351207	0.5462641828606518	0.16705408466316607	1.0833448165373212
2	30	gelid	17.867907023084907	16.256055253243403	15.842058978457555	16.75834971033171	17.674640442205863
2	31	air	9.148845545697942	4.103694652961209	2.595254706956866	3.511545438831021	4.427836170705176
2	32	roamed	14.660000781444321	15.576291513318475	16.49258224519263	17.408872977066785	18.32516370894094
2	33	through	7.994653963491611	3.6635434350081137	4.579834166882269	5.496124898756424	6.412415630630578
2	34	the	3.7264275194161627	1.148585116541529	0.5236921343592416	1.4399828662333967	2.3562735981075518
2	35	streets	11.18940008965015	8.107129886002188	5.2495523829457085	2.83441310424812	3.750703836122275
2	36	with	5.693254109734948	4.147675748350883	4.073878584647948	3.781892014771625	3.198673117550681
2	37	a	4.673564032665624	2.252095801871125	2.2521583523765933	2.1259434429588	1.739304059660328
2	38	bare	10.839662875867745	9.200398342515522	8.623369653321475	7.984235562792796	7.945555428253488
2	39	head	8.800385937272441	7.006565495717577	6.5290233829511255	4.93857650298747	5.854867234861625
2	40	and	4.446289153725225	2.925542755579615	2.1794631554054806	2.15822241953295	1.699050071123788
2	41	naked	11.94521611087268	11.201556543913588	10.109871442034997	3.0910424533583156	4.00733318523247
2	42	feet,	12.145784798194637	7.410317753782876	7.016903158967248	1.745239453593162	0.6109090823229733
2	43	looking	9.393040416188061	5.9254984683728615	5.5247887079549205	6.441079439829076	7.357370171703231
2	44	as	5.9115385532608045	5.659245785434287	3.680817849442909	4.597108581317064	5.513399313191219
2	45	poor	9.840662339336504	8.799208375174022	8.675356861049744	9.591647592923898	10.507938324798054
2	46	as	5.9115385532608045	5.87814252599536	2.1471706988277806	0.8649974374866045	1.7812881693607596
2	47	a	4.673564032665624	1.9817462651983497	2.1479020375969995	2.299364654087255	3.2156553859614103
2	48	church	10.49043457512633	8.458946740803652	8.230880157080735	1.4370354525982885	0.6763945596413263
2	49	mouse.	13.719259839343879	9.523636420841456	7.044305712432248	4.263782905227841	1.7299850169776354
3	0	Once	10.701498720060954	10.701498720060954	10.701498720060954	10.701498720060954	10.701498720060954
3	1	upon	9.081455780187678	5.051176920557872	5.051176920557872	5.051176920557872	5.051176920557872
3	2	a	4.673564032665624	2.839800686561528	0.025467288909734265	0.025467288909734265	0.025467288909734265
3	3	time	7.303521523191691	5.875288558743051	2.3950794000860913	0.0451847196631725	0.0451847196631725
3	4	the	3.7264275194161627	4.022979334070705	5.364199545493673	3.924546696753973	3.6160212564691854
3	5	birds	11.353714386916591	9.530754375699575	8.641166829612029	7.232669380320023	6.351757936569426
3	6	took	9.136808571282796	7.350394475259006	6.793494494958661	3.7599753757976666	4.676266107671822
3	7	it	5.945866402839222	3.563834955913915	4.03614754693861	3.9133554506619244	4.829646182536079
3	8	into	7.401084604478395	5.514230217533674	4.033114847270236	2.1400661634962708	0.9162907318741551
3	9	their	7.089606272365785	4.623896016287905	4.497612098145307	2.5413750647505724	-0.0
3	10	heads	11.14459286771776	5.66763131952062	4.869914324652278	1.9980014580437135	0.4178033275522033
3	11	that	5.3544595425442445	4.686086393613827	4.7974969448251095	1.8106003987815518	1.0070635318907462
3	12	they	7.012706425500205	3.982977491430656	3.102479023067488	1.7402137922930638	1.5646695009112168
3	13	would	7.2519393590459025	3.754393114789396	3.1727210762437608	3.250287387707317	3.187478970807529
3	14	like	7.4812355315495225	3.3107636110720904	3.7049732009988894	3.8179903020803323	1.3975939163738236
3	15	a	4.673564032665624	2.195758450021348	4.145206027653725	4.07852892579929	3.914214151500401
3	16	master,	13.477920930254955	11.798636443582978	10.54146306137497	11.27102586350687	8.121480374750751
3	17	and	4.446289153725225	2.0470089986802	1.8379396594449844	1.5860905484371095	-0.0
3	18	that	5.3544595425442445	4.679362823648614	3.601762363291554	3.456667127706516	4.174387269895637
3	19	one	6.9614226276775	5.600233993523046	5.715269073999229	4.837339548509613	4.212127597878484
3	20	of	4.292016832781936	1.5451899900897956	1.7031566056454341	1.559910197005184	2.0149030205422647
3	21	their	7.089606272365785	5.014055239616962	4.369899362906706	3.782160283817472	3.9946073041186363
3	22	number	8.18963316072093	7.104926655837726	6.456317857560553	3.81832102506635	2.55374525980145
3	23	must	8.406965058975977	8.270374295449797	6.511402374511329	6.79881824770577	7.144035692041965
3	24	be	5.9646140726732035	1.0606141906118225	0.3543692257868045	0.5770750093071912	0.9753796482441617
3	25	chosen	10.615833284366424	7.255327575333013	6.688671472758266	6.029063963391906	3.086486636822455
3	26	king.	13.534483314031434	10.554990546927382	10.194043855810834	8.906393407058367	2.4423470353692043
3	27	A	6.952077521860634	4.487799571842839	3.7094987413166725	1.6486586255873819	-0.0
3	28	meeting	10.1338522674586	9.388051735104545	6.8580396867362055	0.18232155679395468	-0.0
3	29	of	4.292016832781936	2.7273750379518518	1.44236879307838	0.18232155679395468	-0.0
3	30	all	6.913114944150092	5.183667601586649	4.5958253749657665	3.6746482341859874	0.916290731874155
3	31	the	3.7264275194161627	1.95753051600105	1.9537322146058642	1.0268959469518357	1.0718010312174533
3	32	birds	11.353714386916591	9.530754375699575	7.970842354671587	7.634787319585576	6.801839053390587
3	33	was	5.846854448679235	5.6666160480641246	5.656566679231885	7.633369649679583	6.914730892718562
3	34	called	8.888484962677243	6.462843225422342	7.012694277242558	5.966573998262856	2.1972245773362196
3	35	and	4.446289153725225	5.230288901087128	4.5716736528037885	5.487964384677943	6.404255116552099
3	36	though	9.04597412364853	8.818064119692558	9.988358820612625	9.097563534373222	10.013854266247378
3	37	they	7.012706425500205	3.245186964931177	2.95404104464461	2.5649493574615367	3.481240089335692
3	38	understood	10.694537449525734	8.074055073952747	8.038799534537674	8.25646314643992	9.172753878314076
3	39	the	3.7264275194161627	2.549837039743654	1.5434633205846797	1.6881610685636286	2.6044518004377837
3	40	birds	11.353714386916591	9.530754375699575	9.961971649769417	10.878262381643573	11.794553113517727
3	41	who	7.375208880784967	5.894691672622635	5.755257192158113	6.671547924032268	7.587838655906423
3	42	were	6.65618234543312	3.3571917504022295	2.9390407466640545	2.6967983243047753	3.6130890561789304
3	43	from	6.251030922541528	6.231204079294553	6.849364081274883	7.7656548131490375	8.681945545023193
3	44	the	3.7264275194161627	1.2831552748351207	1.6683452925880182	1.3384119962978422	2.2547027281719974
3	45	most	7.956094500172149	5.236438709301879	6.729739865349149	6.197456470249695	4.918691989022394
3	46	distant	11.586771613940863	7.573473796746931	6.910068899319281	4.714674338277559	5.630965070151714
3	47	lands	11.623876246383382	5.054177521525871	5.790655611443385	5.595140226724414	3.9799095741308674
3	48	would	7.2519393590459025	5.892849731811728	6.2934632880884305	3.5600986642480117	3.41224721784874
3	49	be	5.9646140726732035	1.4759657203761343	0.9131261722711912	1.9459101490553135	2.8622008809294686
4	0	At	9.18712054704438	9.18712054704438	9.18712054704438	9.18712054704438	9.18712054704438
4	1	ten	9.777203733608367	7.708455404018814	7.708455404018814	7.708455404018814	7.708455404018814
4	2	years	8.122936124405186	2.36694308027052	2.531564544438332	2.531564544438332	2.531564544438332
4	3	old,	11.802457034596078	4.462286195754912	4.243343568228289	1.006616921297499	1.006616921297499
4	4	I	5.893543587771834	3.637194173044037	3.324837676829116	2.838590161407237	2.1274507608661963
4	5	could	7.6928829347582734	4.23108807138588	4.619046615818858	4.619984639261963	4.806944168708862
4	6	not	6.301911886325843	2.3986158767469306	2.4984911540089154	1.809363173646303	1.9523826635609307
4	7	figure	10.082618130667	9.260367543872267	6.3154779694693115	4.729943840070064	5.646234571944218
4	8	out	7.105556794529857	1.335192498667011	0.4964828510140773	0.1952985090114403	0.1775964620920778
4	9	what	7.478661560186005	4.763129513010822	1.618096872493835	1.9456397359361706	1.8577809472291396
4	10	it	5.945866402839222	3.2707882851768133	2.952606144689266	2.9290723538886407	2.5085846361982416
4	11	was	5.846854448679235	2.610599464873218	2.0337670929694234	1.459212940280338	1.4915752874585628
4	12	that	5.3544595425442445	4.9422116974095935	4.933066859348575	3.0472274847431144	2.71232522337519
4	13	this	6.276970864858338	4.448300211559189	4.525178216219741	4.928800971449016	6.364300804284969
4	14	Elvis	13.437352942627761	14.2089025530797	15.077562818507044	15.993853550381198	16.910144282255352
4	15	Presley	14.311251757860614	1.6348280912262751	1.9965538818740685	0.6931471805599452	1.6094379124341
4	16	guy	10.346905475755953	9.875923634189919	9.990463095550396	3.091042453358315	4.00733318523247
4	17	had	6.945685656818785	4.976960663589532	2.4849066497880004	1.6094379124341003	1.0986122886681098
4	18	that	5.3544595425442445	6.246278846241374	6.138729749651626	-0.0	-0.0
4	19	the	3.7264275194161627	2.0903573864330696	5.0031215371135485	4.516338972281476	-0.0
4	20	rest	9.202404082216834	6.419794275871542	7.126564094161711	5.643782657608608	0.6931471805599453
4	21	of	4.292016832781936	1.1779437569525832	0.3569580846648037	0.3849163457177749	0.1251631429540061
4	22	us	8.157086931921722	6.1479891209419435	2.827220454090309	2.804309725685364	1.8861051375903273
4	23	boys	10.866106658289276	9.653078105681596	8.590511646853681	9.880994810122697	9.963395054538504
4	24	did	8.057660250708686	5.895115076683716	5.8661847306812245	5.4443398639247516	3.58351893845611
4	25	not	6.301911886325843	0.7954209862069703	1.170843615346019	1.897119984885881	2.1972245773362196
4	26	have.	11.988545794070282	9.211964404332909	8.26983382717174	6.542792114183301	1.0986122886681098
4	27	He	7.768131930176434	4.305990795658346	4.007504293587254	3.2744049565091977	4.190695688383353
4	28	seemed	10.026136112460584	6.076301478073731	5.923198155856397	6.052089168924416	6.274762021241939
4	29	to	4.488232625955209	0.7505194422733652	0.7816332440795222	0.6257058997644123	0.4054651081081645
4	30	be	5.9646140726732035	2.9051183837858936	1.2786935709538376	1.0856754825528387	2.2192034840549946
4	31	no	7.319450975921036	5.608241882653658	6.27535616664416	4.14040314609832	7.199139791262445
4	32	different	8.141777001076115	6.037538809592894	4.409670389151362	4.083253113580865	5.812890675940358
4	33	from	6.251030922541528	2.9682266103568367	1.4650590424281766	2.0626116419849527	1.657493150898163
4	34	the	3.7264275194161627	1.2831552748351207	1.1726345006055467	1.4679540149280292	1.4392868912603998
4	35	rest	9.202404082216834	6.419794275871542	5.860333765168745	3.9601928811337093	2.7433993750922845
4	36	of	4.292016832781936	1.1779437569525832	0.3569580846648037	0.27692801386104726	0.41341743629865846
4	37	us.	10.69928445433367	8.517202663460312	4.555537194575978	4.440833059754613	4.510401055598637
4	38	He	7.768131930176434	3.7718882489315693	3.7128274639669296	3.5304322828586816	3.5310811748725133
4	39	was	5.846854448679235	2.2489238173858475	2.1624539256266804	2.048357334174783	2.029897455128695
4	40	simply	9.638322415376805	7.21148933720292	7.011929953956001	7.148083655050448	8.101677747454572
4	41	a	4.673564032665624	3.2191084376493695	1.9301421769330567	2.230936005375045	2.197224577336219
4	42	man	8.450265260917192	5.729389218584064	5.64023003616586	4.787913381275453	2.027665272156116
4	43	who	7.375208880784967	2.8753791920414855	2.031269131377192	1.496079037992165	1.444644244182168
4	44	had	6.945685656818785	2.8308641873050924	2.2333894640336123	2.3496671593316147	2.5039548447586952
4	45	a	4.673564032665624	2.4405964943704603	3.109837513833014	3.4332667818868003	3.0608710471821894
4	46	head,	11.468285856641332	11.280263166967014	11.014811458790987	11.931102190665143	12.847392922539298
4	47	two	7.510467089463148	6.928674554980692	4.633755429130723	3.1799459784999833	4.096236710374138
4	48	arms	10.472337926969715	7.712854744880943	2.327086641035863	0.7861820465271352	0.382992252256106
4	49	and	4.446289153725225	2.1906465278344776	2.827387197168539	1.144013944447389	1.0078579253996454
5	0	This	7.645801745345466	7.645801745345466	7.645801745345466	7.645801745345466	7.645801745345466
5	1	is	5.228227253654438	1.6553625930705849	1.6553625930705849	1.6553625930705849	1.6553625930705849
5	2	a	4.673564032665624	2.3857799196075646	1.9016867369519517	1.9016867369519517	1.9016867369519517
5	3	story	9.461644654429495	7.151013355808962	6.816128450810151	5.709267424020444	5.709267424020444
5	4	of	4.292016832781936	2.1589121916475555	2.4738476791594284	1.362202552188661	1.2825512210456935
5	5	how	7.937089288230776	6.638362341499207	2.9379955621785196	2.9928989499372047	3.2367402300169994
5	6	Mr.	9.621812349269455	8.658392583362984	8.404115124018794	7.025933298350578	7.434847875212
5	7	Sticky	15.297648825645638	11.257256084184935	12.173546816059089	13.089837547933243	14.006128279807399
5	8	got	8.63960108316967	8.484061458296729	5.793013608384144	6.709304340258299	7.625595072132454
5	9	in	4.749152367845802	4.324192648310364	5.240483380184518	6.156774112058674	7.073064843932828
5	10	Abby's	16.351695003568576	14.72549431989614	13.7082883103585	14.624579042232654	15.54086977410681
5	11	fish	10.21083323566457	10.320387038269956	11.23667777014411	12.152968502018267	13.06925923389242
5	12	tank.	13.565805364348147	7.6937639315245026	8.610054663398657	9.526345395272813	10.442636127146967
5	13	'He's	15.066495357007923	13.106276677490385	14.02256740936454	14.938858141238695	15.85514887311285
5	14	very	8.081722896679011	4.414910650498402	5.331201382372557	6.247492114246712	7.163782846120867
5	15	small,'	19.279434521116908	13.375423387550535	14.29171411942469	15.208004851298845	16.124295583173
5	16	Abby's	16.351695003568576	17.26798573544273	18.184276467316884	19.10056719919104	20.016857931065196
5	17	mom	11.338383664562365	4.767427453348339	5.683718185222494	6.600008917096649	7.516299648970804
5	18	said	7.475758296381546	4.4890909042365905	3.4735180432417816	4.389808775115936	5.306099506990091
5	19	as	5.9115385532608045	5.455054091558413	4.408457104670149	5.324747836544304	6.2410385684184595
5	20	she	7.5131392129434005	4.811284919969564	1.6707475810226917	0.5668534552356537	1.4831441871098088
5	21	peered	13.404586818010031	9.158419313847409	7.13492814596939	6.450121207158732	7.366411939032887
5	22	at	6.208116524835237	1.7958293491095745	1.8829127685814946	1.7959286235695728	1.9068287990128416
5	23	the	3.7264275194161627	1.418451883551434	1.0585033601742033	1.048587319887969	0.9069344595665223
5	24	tiny	11.172970886497493	9.467477171608088	9.018702864883734	5.061304381068656	4.7664383335842135
5	25	water	8.828009825601857	7.039547076761437	7.101450402915654	7.193597424511911	5.351858133476067
5	26	snail.	17.141108497270885	14.260553277780566	8.459564078579602	6.376726947898627	2.833213344056216
5	27	Abby	13.724555501755521	14.640846233629675	15.557136965503831	16.473427697377986	17.38971842925214
5	28	said	7.475758296381546	3.5810374856168963	4.4973282174910505	5.4136189493652065	6.329909681239361
5	29	that	5.3544595425442445	2.8979369308919516	4.722098155324742	5.638388887198897	6.5546796190730525
5	30	he	6.629017442956794	3.6577234232675657	2.3498972665224347	3.2580965380214817	4.174387269895637
5	31	would	7.2519393590459025	3.7521834652987813	2.9022292798661713	2.427050427307167	3.343341159181321
5	32	grow	10.52740716881329	7.4820671363978395	7.410434682867864	7.449797015396845	8.956489763273897
5	33	and	4.446289153725225	3.050484658304507	3.4940984173098126	4.690791708688668	4.668815451148447
5	34	then	7.6584823755767	4.712328621894397	5.343575481950325	4.349632566862877	5.265923298737032
5	35	pulled	10.698604384811594	7.253376719035298	7.210932173377541	7.750614732770409	8.666905464644564
5	36	her	7.1443123709773495	3.0470318446832287	2.896465755622293	2.8724179542795687	3.788708686153724
5	37	pajama	15.74192584995864	11.291614009178058	8.291716824114074	8.170610011044296	9.086900742918452
5	38	bottoms	14.027119183340607	1.602388403027744	1.262612642162984	0.8970593699462674	1.8133501018204226
5	39	up	7.29635134009682	4.4221407276842655	5.638888334738212	4.894101477840305	3.7376696182833684
5	40	again	8.776712702460156	5.606756350019589	5.824926858015289	3.6888794541139363	4.605170185988091
5	41	before	8.087861952689622	6.025951947215958	5.633627402815417	6.549918134689572	7.466208866563727
5	42	she	7.5131392129434005	4.338073225839013	3.4047814514848564	3.704530150063393	4.620820881937548
5	43	got	8.63960108316967	5.340030065002459	3.9302516910990306	4.0951880882105405	3.0445224377234226
5	44	into	7.401084604478395	4.1589005689987815	3.535141168445639	3.2316687501129513	2.760009940032921
5	45	bed,	12.095518489126778	8.666667389296657	5.414440129702461	4.3176248563233415	4.2510130780417
5	46	for	5.455634153375975	5.4230051948345555	5.842156113265723	5.820082930352362	5.966146739123692
5	47	they	7.012706425500205	7.976139710708681	4.4440281565648645	5.36031888843902	6.276609620313175
5	48	were	6.65618234543312	2.5079650279104087	2.090737057191431	0.9718605830289655	1.8881513149031206
5	49	always	8.875963306057145	6.434450826281381	6.053061614434316	5.130977906066211	6.047268637940366
6	0	The	6.209358987465436	6.209358987465436	6.209358987465436	6.209358987465436	6.209358987465436
6	1	text	9.402612880756866	7.769427142211832	7.769427142211832	7.769427142211832	7.769427142211832
6	2	message	9.856987288505636	4.600105993874941	5.008052304185432	5.008052304185432	5.008052304185432
6	3	said	7.475758296381546	7.143854566360449	6.603255077102978	3.773220602547687	3.773220602547687
6	4	that	5.3544595425442445	2.8979369308919516	2.2693986082286175	2.9306138741745977	2.5257286443082556
6	5	Lucy	12.562634762583345	11.247942771894088	10.60129332805963	11.517584059933785	12.433874791807941
6	6	Josephs	16.687521543275928	17.60381227515008	18.520103007024236	19.43639373889839	20.352684470772545
6	7	was	5.846854448679235	3.558072041104916	4.474362772979071	5.390653504853226	6.3069442367273805
6	8	a	4.673564032665624	2.7831897310357085	2.576340855747632	3.492631587621787	4.408922319495942
6	9	failure.	12.309360316097596	10.30681894062441	8.31725840281158	9.233549134685735	10.14983986655989
6	10	It	7.53376287622924	3.818670592803194	3.177109263002375	3.1047062527816527	4.020996984655808
6	11	said	7.475758296381546	7.0547249368045595	7.211846622762538	8.128137354636694	9.044428086510848
6	12	she	7.5131392129434005	4.369651645050032	5.2624867565482685	6.178777488422424	7.095068220296579
6	13	was	5.846854448679235	2.2532772566847186	1.7127280664153801	1.1616252564968432	2.0779159883709983
6	14	ugly,	14.30462636169498	11.75737286947987	10.385044444651717	9.425064579877638	10.341355311751792
6	15	had	6.945685656818785	7.015597546667485	5.889800893331483	5.422008838890586	6.338299570764741
6	16	no	7.319450975921036	3.551963407221166	3.5600986642480117	2.079441541679836	2.995732273553991
6	17	style	9.779092923792323	10.178332465288578	9.920604166223107	1.0986122886681096	0.4054651081081645
6	18	and	4.446289153725225	3.3868651472717843	3.490718833290236	2.8198416070903267	3.736132338964482
6	19	the	3.7264275194161627	2.7077248388119592	3.084616733892066	3.8918202981106265	4.808111029984781
6	20	world	8.56677213725266	5.491404680361555	6.0737284248560215	6.414174051649888	7.330464783524043
6	21	hated	12.276286777314699	11.079771589947352	10.807859327213086	8.922551047396286	9.838841779270442
6	22	her.	10.12324984586288	5.1937895293377085	4.62764304184015	4.449165937511509	3.828641396489095
6	23	At	9.18712054704438	5.4832725402286595	5.440805619492563	6.357096351366717	7.2733870832408725
6	24	least	8.855606862234076	2.7967735917890018	2.1449033588932647	1.0531499145913523	1.9694406464655074
6	25	that	5.3544595425442445	4.910808678052222	3.198234281997207	2.967412962565944	2.0149030205422647
6	26	was	5.846854448679235	4.474677629925026	2.593219951653687	2.10230423406135	1.596534507598193
6	27	what	7.478661560186005	6.975709889094629	4.689308276189028	1.5968944239907312	1.6065108771015781
6	28	it	5.945866402839222	3.2707882851768133	3.2405592212797636	2.783049872061955	2.772752750781115
6	29	said	7.475758296381546	7.166623663614965	4.9808132861564065	4.13506778643263	4.457931835382227
6	30	to	4.488232625955209	3.4448108159102606	4.4323071785454875	4.335168724121092	3.988984046564274
6	31	Lucy.	15.33216562993995	13.527590176344088	9.913782482380785	10.830073214254941	11.746363946129097
6	32	It	7.53376287622924	3.8382819540151685	4.061139389404645	4.228292534731839	5.144583266605994
6	33	said	7.475758296381546	7.0547249368045595	7.501634457883413	8.417925189757568	9.334215921631722
6	34	that	5.3544595425442445	2.8979369308919516	1.7964101266335888	2.712700858507743	3.628991590381899
6	35	and	4.446289153725225	7.012001196835534	7.543595050865003	8.459885782739157	9.376176514613313
6	36	a	4.673564032665624	3.908127855466862	4.194672526010523	5.017122145416664	5.933412877290818
6	37	whole	9.306806435582534	6.238081929597007	6.301742507304811	3.475002220761584	1.9459101490553135
6	38	lot	9.09251823294241	3.69515273553637	2.1970371246948073	1.0216532632525848	0.1823215567939549
6	39	more	7.1266634822765695	2.9112306799019443	2.064827909155106	1.985800602800806	1.1766664487100922
6	40	that	5.3544595425442445	6.625825190747523	5.289854644740515	4.930733569750097	4.9234458318970695
6	41	she	7.5131392129434005	4.654513617811954	4.2249236722674475	5.074413391049492	3.966511190712216
6	42	was	5.846854448679235	2.2532772566847186	1.7620000172278996	2.109878304161276	4.30406509320417
6	43	struggling	11.833093386049885	8.67545020468433	7.457174816813499	7.362613864840969	8.278904596715124
6	44	to	4.488232625955209	1.034872771238259	0.8897719257442507	0.859349064668093	0.9427144854521536
6	45	understand.	12.593893422492323	9.360525698171562	6.668428537522244	6.523807014336222	6.191246417930451
6	46	The	6.209358987465436	3.203467707471802	2.894850912481724	3.165395433476022	3.349904087274605
6	47	actual	10.066301377683025	7.498024524255884	7.046079515385312	6.984033826063596	7.9003245579377515
6	48	text	9.402612880756866	6.42057881094739	5.81008317320355	6.726373905077705	7.64266463695186
6	49	of	4.292016832781936	3.4651651626955573	1.3041992289525481	0.7727993395075643	1.6890900713817194
7	0	The	6.209358987465436	6.209358987465436	6.209358987465436	6.209358987465436	6.209358987465436
7	1	Roswell	14.861595958318036	13.084339341376381	13.084339341376381	13.084339341376381	13.084339341376381
7	2	UFO	13.483618238704913	4.232852250917769	2.763263196155455	2.763263196155455	2.763263196155455
7	3	Incident	13.667995572025257	6.37611870895614	2.4185785333881986	2.8233610476132047	2.8233610476132047
7	4	was	5.846854448679235	5.541297312400827	3.767822656454056	2.856470206220483	3.7727609380946383
7	5	the	3.7264275194161627	3.2329482083925107	2.4723565706337123	1.6582280766035324	1.6094379124341005
7	6	alleged	10.65637011934643	8.388566208182421	8.60171324663521	4.990432586778736	1.3862943611198906
7	7	recovery	10.711186197908035	10.266318936583849	9.629834629082744	8.990566138131577	-0.0
7	8	of	4.292016832781936	1.9275397443533144	1.3799451334412316	1.0771060834471466	-0.0
7	9	extra-terrestrial	16.90178308354615	14.482025518291977	12.647061738457293	3.676300671907076	3.157000421150113
7	10	debris,	14.544581935209802	8.671686669624274	6.799427402096509	0.2876820724517808	0.6931471805599453
7	11	including	8.714424912213502	4.116144997467444	-0.0	-0.0	-0.0
7	12	alien	11.68295871669284	11.252018034765026	6.912742820493176	0.4054651081081645	0.4054651081081645
7	13	corpses,	15.763432444525616	10.671635211609383	6.705639094860003	1.0986122886681098	2.0149030205422647
7	14	from	6.251030922541528	6.0803358600106145	4.31748811353631	-0.0	-0.0
7	15	an	6.377347551516749	4.552712410131599	4.135166556742356	-0.0	-0.0
7	16	object	9.255211863264787	5.088767494707181	5.082406805538952	-0.0	-0.0
7	17	that	5.3544595425442445	3.967190639477561	3.04221747073095	3.566289863495718	4.482580595369873
7	18	crashed	12.576523728806524	10.639453863216952	8.439044244999929	9.168017251329662	10.084307983203816
7	19	near	9.545076733744335	4.386444655814008	3.8008725645799073	3.401197381662155	2.995732273553991
7	20	Roswell,	16.430088607654	10.086468917878243	4.841579206762417	3.8327736337740057	1.6094379124341003
7	21	New	8.67517667041814	1.1961739943767977	0.2812811195522631	0.3031862589877461	0.33647223662121295
7	22	Mexico,	12.659371166851836	5.476726613804068	1.0015140328170968	1.0003534967864125	0.8266785731844677
7	23	on	5.833512914152244	4.810301873336794	4.615105908117659	3.726817293454328	3.4563166808832344
7	24	or	6.309063130769264	6.602579405428553	4.638060810182067	3.7003802301077	4.616670961981855
7	25	about	7.277766470300897	6.662866456288123	1.8419407052447774	0.08701137698962924	0.015037877364540542
7	26	July	9.944325553004575	8.967905854288285	3.507508916537237	2.7594217826880225	2.397895272798371
7	27	eighth,	15.842373228751342	12.83593619072333	13.752226922597487	14.668517654471641	15.584808386345795
7	28	nineteen	13.35697823970304	6.5122206995508805	3.8918202981106265	4.808111029984781	5.724401761858936
7	29	forty-seven.	18.331864720891495	9.55390368644193	10.470194418316085	11.386485150190241	12.302775882064395
7	30	Since	9.858757179251953	6.548457851718981	7.464748583593135	8.38103931546729	9.297330047341445
7	31	the	3.7264275194161627	1.4364922137777114	2.3527829456518656	3.2690736775260216	4.185364409400176
7	32	late	9.719824748327575	7.476900289370532	5.6188334030213465	6.535124134895501	7.451414866769657
7	33	nineteen	13.35697823970304	8.842731633758085	7.421564670881336	6.020329627504154	6.936620359378308
7	34	seventies,	15.5650367711128	7.06127499056002	4.238324648844982	4.26299992825224	5.179290660126396
7	35	the	3.7264275194161627	2.6182515538311932	2.886532981588999	2.079441541679836	1.992430164690206
7	36	incident	10.67816950089009	8.183157213141397	9.099447945015552	10.015738676889708	10.932029408763862
7	37	has	6.9015093111698675	5.220115369787981	5.302098853449698	6.218389585323852	7.134680317198008
7	38	been	7.181999484665756	1.5309824695928036	1.4756290888187564	1.2764427385263204	2.1927334704004755
7	39	the	3.7264275194161627	3.986889980229961	3.865017211073255	3.965449289076335	4.232711998723527
7	40	subject	9.424810368190482	7.161670576333822	2.967794601769132	2.4763035549204346	0.7477513145947965
7	41	of	4.292016832781936	2.3590312388031354	1.1490103468918047	0.015405497492809062	0.012312586036619777
7	42	intense	11.51912210092606	9.689894972413498	4.488320343830434	4.552921538744371	3.066235449550927
7	43	controversy	11.898748865512786	7.15160491508577	5.6619688045850936	4.205514699909809	4.232727280505512
7	44	and	4.446289153725225	3.316840506167699	2.5808200265544166	2.3742410819004816	2.5834874784604476
7	45	the	3.7264275194161627	2.7077248388119592	2.4519472111614604	4.727387818712341	4.653960350157523
7	46	subject	9.424810368190482	7.161670576333822	7.855430311102793	5.8264916286486415	0.6931471805599453
7	47	of	4.292016832781936	2.3590312388031354	1.1490103468918047	1.4169089077212984	0.2336148511815055
7	48	conspiracy	11.620725082783878	9.789900915827015	8.293826975095136	8.233056402469558	7.68077947301572
7	49	theories	11.395843810672277	2.664413808997841	2.6280776983905163	0.3659024561585946	0.3664357642024294
8	0	Tulip	15.538953938227891	15.538953938227891	15.538953938227891	15.538953938227891	15.538953938227891
8	1	mania	13.892042790007103	5.144166686720777	5.144166686720777	5.144166686720777	5.144166686720777
8	2	was	5.846854448679235	4.627841235969642	2.65675690671466	2.65675690671466	2.65675690671466
8	3	a	4.673564032665624	2.7831897310357085	2.9210893990072	1.1349799328389842	1.1349799328389842
8	4	period	9.269299624222565	6.984666576467143	6.998524201561969	3.2851984677992734	2.1972245773362196
8	5	in	4.749152367845802	3.6261467925938415	3.751145281587485	2.4014514870995143	0.33647223662121295
8	6	the	3.7264275194161627	1.4278529483171063	1.672252463860362	1.882116803582413	1.490576709557371
8	7	Dutch	11.65805081546663	9.108112450427457	9.110882762686462	8.320193527243502	6.672539146433657
8	8	Golden	11.846121415980704	5.976378962221435	5.594259548946537	4.86063165683965	0.9509762898620449
8	9	Age	11.370334055004093	2.8020755460988074	0.01847239763544195	0.018582961081140326	0.007369230106547775
8	10	during	8.346952328692765	8.744969630676398	6.936288744526637	5.8003040416468234	5.2802605828007945
8	11	which	6.77878136613808	4.062891829465476	2.1873305036910207	1.3263962195388213	0.04082199452025481
8	12	contract	9.61311626258049	9.834477431455356	10.10335480032062	1.9715525796686508	1.3633048428951917
8	13	prices	10.823360154588237	8.349335697306756	7.225609900188879	1.7609878105613008	-0.0
8	14	for	5.455634153375975	2.943688989845885	2.372804350804844	0.3483066942682158	-0.0
8	15	bulbs	13.446348327869654	13.990238878361886	9.241471251274763	3.9389304583480707	0.4054651081081646
8	16	of	4.292016832781936	3.687241336987201	3.465008894407109	0.8909729238898652	0.09531017980432477
8	17	the	3.7264275194161627	1.401054179290881	1.590460386344394	1.1962507582320256	0.2876820724517808
8	18	recently	9.916575095257922	9.661242025863864	9.500159545129238	5.175443268397503	0.485507815781701
8	19	introduced	10.357711469966805	5.0523413595721305	3.6493927975503553	3.616739272973729	-0.0
8	20	tulip	15.162803217788502	13.423998813975562	9.400580494014434	7.332434606014105	5.5595271186687025
8	21	reached	10.150577528730828	8.251182286028548	0.49247648509779385	0.22314355131421015	0.22314355131421015
8	22	extraordinarily	13.620892483888728	12.37836978671617	0.42488319396526597	-0.0	-0.0
8	23	high	8.27510189119042	2.7475509921292804	0.1728428128394106	-0.0	-0.0
8	24	levels	9.127330861404136	4.144240348880251	3.1513697097879847	0.2814124594381857	-0.0
8	25	and	4.446289153725225	3.194510208559505	5.3531454418420115	4.01677464010339	1.2909841813155656
8	26	then	7.6584823755767	4.712328621894397	5.749442196603857	4.0017545599749385	0.49643688631389127
8	27	suddenly	10.91230139326558	6.9767921843930125	6.3119809212648015	5.71042701737487	2.9519296508955977
8	28	collapsed.	14.438476917518866	8.438592091833474	8.299137863585452	7.982607520085908	1.0986122886681096
8	29	At	9.18712054704438	5.2369236361431275	4.923293283941107	2.639057329615259	2.120263536200091
8	30	the	3.7264275194161627	1.2458262498595758	1.033102144558093	0.2006706954621511	-0.0
8	31	peak	10.618941105280854	8.49482506911066	6.51740940593389	4.354141431184345	1.0986122886681098
8	32	of	4.292016832781936	2.369687430021802	1.4482208040725517	0.2273349808067735	-0.0
8	33	tulip	15.162803217788502	14.24765253455569	10.128105445046463	9.447260587749744	6.8553335285786545
8	34	mania	13.892042790007103	3.792818023873675	3.148806052792569	0.46430560813109745	0.46430560813109745
8	35	in	4.749152367845802	3.733984074163102	2.239997248244844	2.344549292093078	2.3978952727983707
8	36	February	10.204966210027624	7.35242876226982	8.352907997108382	5.476463551931511	2.6390573296152584
8	37	sixteen	12.56585302591024	12.940755307194745	13.877353731162964	14.793644463037118	15.709935194911274
8	38	thirty-seven,	17.500274619579134	12.496791103494193	13.413081835368347	14.329372567242501	15.245663299116657
8	39	tulip	15.162803217788502	16.079093949662656	16.995384681536812	17.91167541341097	18.827966145285124
8	40	contracts	11.509387821959406	7.845717177920384	8.762007909794539	9.678298641668693	10.59458937354285
8	41	sold	10.587856667182905	8.344863648424976	9.261154380299132	10.177445112173288	11.093735844047442
8	42	for	5.455634153375975	3.213381875206972	3.682336355525	4.598627087399155	5.51491781927331
8	43	more	7.1266634822765695	5.166568553445654	3.782105949231722	4.698396681105876	5.614687412980032
8	44	than	7.421753234255792	1.87488401094949	1.2363395454042436	0.18071922743204638	1.0970099593062015
8	45	ten	9.777203733608367	6.247859943435504	5.219854360204067	4.410065138491536	4.7491352394252155
8	46	times	8.992476032770416	3.9652311251625605	3.046246556627242	2.6914094866326863	4.878021711989341
8	47	the	3.7264275194161627	3.265300159655453	2.098414748612205	1.4655784513372936	1.4887456067206486
8	48	annual	10.819027514941611	8.749447071798127	6.002473173654252	5.406282416973997	4.683981366412381
8	49	income	10.462139838878933	4.128888065816167	5.30208580924203	2.403019490315817	1.454658103929281
9	0	Tourette's	16.524472531603003	16.524472531603003	16.524472531603003	16.524472531603003	16.524472531603003
9	1	syndrome,	12.986783819239681	2.155340866964784	2.155340866964784	2.155340866964784	2.155340866964784
9	2	a	4.673564032665624	3.0825571710710165	3.4175576647673624	3.4175576647673624	3.4175576647673624
9	3	neurological	12.272365109458875	10.872064175818311	4.471514562044693	1.2788741124990537	1.2788741124990537
9	4	disorder	10.985990513880838	3.669163381717798	1.7188211936546391	0.5477301807014419	0.11778303565638337
9	5	characterized	10.836307525538707	4.275132345577276	2.756709174717173	2.3838736849615154	1.754854912292604
9	6	by	6.085729837705031	0.5108687263425029	0.025219571332117496	0.017367577907904774	0.013447087431213589
9	7	repetitive,	15.556043582326629	14.022496677601374	9.572333151131689	7.151633106451041	4.318890638310396
9	8	involuntary	13.106776670448424	5.745400431384241	2.3297490219348678	1.6582280766035327	0.8329091229351042
9	9	movements,	13.402231853226644	5.393988496670378	4.272025739459552	4.23410650459726	4.0943445622221
9	10	was	5.846854448679235	5.753416885696256	6.379557405491676	7.29584813736583	8.212138869239986
9	11	named	10.15533531229724	6.4216015354761105	7.516433302915632	8.432724034789787	9.349014766663942
9	12	for	5.455634153375975	3.4301846382003554	2.9054488150618667	3.821739546936021	4.738030278810177
9	13	Dr.	10.15317656848616	9.532051185752788	5.538533121405923	5.156055823900169	6.072346555774324
9	14	Georges	13.711299210821748	9.578683004232733	9.381811609715722	5.602118820879701	6.518409552753856
9	15	Gilles	13.689567110550703	7.329571049195419	4.167633746879858	0.35667494393873267	-0.0
9	16	de	7.350968415704418	3.6894891926930384	0.02173998663640564	-0.0	-0.0
9	17	la	8.34837238122746	2.735614598658902	0.8492638252644369	0.0036697288889619983	-0.0
9	18	Tourette,	19.469420845315295	12.067959618857707	10.378923100750285	2.5493590790655034	0.8784142475836569
9	19	the	3.7264275194161627	3.028273926627601	2.7293895171372053	2.7408400239252013	2.5271070042783763
9	20	pioneering	13.481157619504254	11.301122015202688	3.4812400893356914	2.833213344056216	2.772588722239781
9	21	French	10.217161573565736	6.634146066176236	6.180700702194071	-0.0	-0.0
9	22	neurologist	14.566410010417004	8.903208252921486	3.723565012101826	3.1612467120315646	-0.0
9	23	who	7.375208880784967	3.176634124933088	2.781027590885645	1.2237754316221159	1.6094379124341005
9	24	first	7.594174420828114	6.811900643954328	4.166863971690685	1.1330984647392794	0.916290731874155
9	25	described	9.256071077949613	6.5239071765132	3.9604065713535874	0.6678293725756559	0.34174929372205654
9	26	the	3.7264275194161627	3.092334917182585	3.1062980839692695	0.9903376194715605	0.7270487322356263
9	27	condition	9.5226075580931	7.903923582986776	6.384873798551853	3.6070607031545503	2.4222405379175456
9	28	in	4.749152367845802	3.717512466070099	3.6524431149235443	1.7946166140288353	0.4983074054085872
9	29	an	6.377347551516749	4.673057530019914	4.741488014117291	5.4003264076221855	3.946961056789426
9	30	eighty-six-year-old	19.410856949866613	14.240295144052412	15.863577782852925	16.77986851472708	17.696159246601233
9	31	French	10.217161573565736	6.568077911411976	5.3612921657094255	6.277582897583581	7.193873629457736
9	32	noblewoman.	18.57770359686557	11.513278045663492	12.429568777537646	13.345859509411802	14.262150241285957
9	33	It	7.53376287622924	4.162552812248634	4.941642422609304	5.857933154483459	6.774223886357614
9	34	is	5.228227253654438	1.4671780859267933	1.1592369104845446	2.0755276423586997	2.991818374232855
9	35	almost	9.376199771468698	6.766297668603823	6.369912430592846	7.286203162467	8.202493894341156
9	36	always	8.875963306057145	3.57976561928427	2.5120200512583732	2.9028189936633826	3.8191097255375377
9	37	in	4.749152367845802	4.490141303884901	4.0228564245971	4.001026799574856	4.734848009296624
9	38	childhood	11.4114758092135	9.016592734743739	10.361538452730047	7.613818684808628	7.471363088187097
9	39	that	5.3544595425442445	5.038810414095364	5.1407678581516745	6.05705859002583	6.973349321899985
9	40	the	3.7264275194161627	2.0903573864330696	3.6923769802674435	3.4889029620812613	4.405193693955416
9	41	early	9.189091243422478	6.948085818203637	7.917214994032712	6.529418838262226	7.445709570136381
9	42	symptoms	10.417133022133406	7.5113307107768765	7.555961499759091	6.368407696219203	7.284698428093358
9	43	of	4.292016832781936	1.9154557730057125	0.7719762958515233	0.444953328997034	0.8307685584359925
9	44	Tourette's	16.524472531603003	14.45454622926967	9.157709696407329	10.074000428281483	10.990291160155639
9	45	are	6.151851855657831	5.790900683545938	4.706643154918725	2.9845589729558655	3.9008497048300206
9	46	first	7.594174420828114	7.760384502669803	8.676675234543957	9.592965966418113	10.509256698292267
9	47	noticed,	13.904298661450285	12.11661157510025	9.233485158894737	10.149775890768892	11.066066622643046
9	48	with	5.693254109734948	4.4921523258102365	4.658710952916121	3.5263605246161616	4.442651256490317
9	49	the	3.7264275194161627	1.7605867954838068	2.281669627271441	3.197960359145596	4.114251091019751
